timestamp,acquisition_id,m_value,adc1_ch1,adc1_ch2,adc1_ch3,adc1_ch4,adc2_ch1,adc2_ch2,adc2_ch3,adc2_ch4,acquisition_time_ms,is_valid
2025-07-03T11:48:14.973594,1,4,-32132.0,3148.0,-6675.0,-83.0,-777531.0,-4305.0,-876375.0,-876838.0,11.081200005719438,True
2025-07-03T11:48:14.989893,2,4,-32155.0,3162.0,-6702.0,-84.0,-776193.0,-4288.0,-876358.0,-876879.0,16.230900000664406,True
2025-07-03T11:48:15.005844,3,4,-32145.0,3172.0,-6704.0,-83.0,-777029.0,-4283.0,-876399.0,-876911.0,15.879799997492228,True
2025-07-03T11:48:15.022278,4,4,-32123.0,3153.0,-6682.0,-85.0,-777718.0,-4305.0,-876390.0,-876953.0,16.36300000245683,True
2025-07-03T11:48:15.038268,5,4,-32118.0,3145.0,-6667.0,-80.0,-777407.0,-4301.0,-876349.0,-876941.0,15.907400003925432,True
2025-07-03T11:48:15.055676,6,4,-32098.0,3145.0,-6676.0,-84.0,-777801.0,-4303.0,-876412.0,-876954.0,17.30239999596961,True
2025-07-03T11:48:15.072046,7,4,-32102.0,3178.0,-6673.0,-64.0,-775381.0,-4287.0,-876458.0,-876795.0,16.238000003795605,True
2025-07-03T11:48:15.085712,8,4,-32143.0,3172.0,-6693.0,-76.0,-776560.0,-4291.0,-876420.0,-876893.0,13.58040000195615,True
2025-07-03T11:48:15.101525,9,4,-32130.0,3157.0,-6693.0,-91.0,-775223.0,-4316.0,-876427.0,-876805.0,15.757699999085162,True
2025-07-03T11:48:15.117721,10,4,-32116.0,3146.0,-6678.0,-79.0,-776661.0,-4294.0,-876403.0,-876842.0,16.13000000361353,True
2025-07-03T11:48:15.133643,11,4,-32133.0,3148.0,-6687.0,-92.0,-776485.0,-4311.0,-876418.0,-876986.0,9.39710000238847,True
2025-07-03T11:48:15.149663,12,4,-32141.0,3182.0,-6695.0,-74.0,-780774.0,-4285.0,-876373.0,-876848.0,15.952599998854566,True
2025-07-03T11:48:15.167326,13,4,-32134.0,3179.0,-6696.0,-81.0,-776763.0,-4293.0,-876473.0,-876905.0,17.549800002598204,True
2025-07-03T11:48:15.183318,14,4,-32119.0,3171.0,-6694.0,-80.0,-775593.0,-4294.0,-876478.0,-876849.0,15.8406999980798,True
2025-07-03T11:48:15.199576,15,4,-32125.0,3141.0,-6686.0,-98.0,-775585.0,-4312.0,-876417.0,-876849.0,16.102900000987574,True
2025-07-03T11:48:15.215729,16,4,-32105.0,3145.0,-6675.0,-87.0,-775553.0,-4295.0,-876412.0,-876911.0,16.00450000114506,True
2025-07-03T11:48:15.231668,17,4,-32097.0,3183.0,-6666.0,-61.0,-774538.0,-4279.0,-876378.0,-876951.0,15.789700002642348,True
2025-07-03T11:48:15.247476,18,4,-32135.0,3173.0,-6687.0,-84.0,-775600.0,-4292.0,-876382.0,-876887.0,15.661499994166661,True
2025-07-03T11:48:15.263171,19,4,-32119.0,3177.0,-6686.0,-80.0,-775485.0,-4300.0,-876356.0,-876964.0,15.555199999653269,True
2025-07-03T11:48:15.276986,20,4,-32122.0,3150.0,-6681.0,-95.0,-775877.0,-4313.0,-876413.0,-876911.0,13.737000001128763,True
2025-07-03T11:48:15.307317,21,4,-32131.0,3145.0,-6686.0,-102.0,-774215.0,-4321.0,-876449.0,-876914.0,23.813100000552367,True
2025-07-03T11:48:15.323248,22,4,-32127.0,3168.0,-6696.0,-85.0,-777211.0,-4288.0,-876385.0,-876894.0,15.882100000453647,True
2025-07-03T11:48:15.339067,23,4,-32116.0,3159.0,-6682.0,-91.0,-775864.0,-4305.0,-876326.0,-876807.0,15.766399999847636,True
2025-07-03T11:48:15.354854,24,4,-32098.0,3149.0,-6675.0,-88.0,-776218.0,-4304.0,-876414.0,-876881.0,15.74619999882998,True
2025-07-03T11:48:15.371267,25,4,-32133.0,3158.0,-6700.0,-81.0,-776876.0,-4282.0,-876436.0,-876950.0,16.36819999839645,True
2025-07-03T11:48:15.387053,26,4,-32123.0,3177.0,-6684.0,-81.0,-779765.0,-4284.0,-876386.0,-876916.0,15.731500003312249,True
2025-07-03T11:48:15.403535,27,4,-32111.0,3176.0,-6674.0,-70.0,-777763.0,-4291.0,-876438.0,-876818.0,16.423299995949492,True
2025-07-03T11:48:15.419637,28,4,-32123.0,3147.0,-6683.0,-95.0,-778293.0,-4317.0,-876420.0,-876865.0,16.02850000199396,True
2025-07-03T11:48:15.445503,29,4,-32120.0,3127.0,-6693.0,-110.0,-778992.0,-4312.0,-876332.0,-876932.0,25.739900003827643,True
2025-07-03T11:48:15.461084,30,4,-32104.0,3166.0,-6672.0,-81.0,-776121.0,-4305.0,-876427.0,-876885.0,15.42909999989206,True
2025-07-03T11:48:15.491812,31,4,-32122.0,3231.0,-6680.0,-3.0,-775185.0,-4194.0,-876395.0,-876911.0,23.344899993389845,True
2025-07-03T11:48:15.508663,32,4,-32128.0,3229.0,-6684.0,2.0,-771998.0,-4193.0,-876354.0,-876866.0,16.67759999691043,True
2025-07-03T11:48:15.523815,33,4,-32143.0,3215.0,-6694.0,-23.0,-771259.0,-4194.0,-876489.0,-876895.0,15.02930000424385,True
2025-07-03T11:48:15.538914,34,4,-32111.0,3204.0,-6669.0,-19.0,-771496.0,-4215.0,-876417.0,-876937.0,15.009599999757484,True
2025-07-03T11:48:15.554623,35,4,-32107.0,3193.0,-6667.0,-29.0,-772051.0,-4214.0,-876441.0,-876901.0,15.650900000764523,True
2025-07-03T11:48:15.570522,36,4,-32127.0,3182.0,-6697.0,-60.0,-772786.0,-4249.0,-876418.0,-876902.0,15.847100003156811,True
2025-07-03T11:48:15.586564,37,4,-32128.0,3174.0,-6686.0,-89.0,-773203.0,-4293.0,-876509.0,-876859.0,15.99250000435859,True
2025-07-03T11:48:15.602763,38,4,-32111.0,3151.0,-6678.0,-96.0,-769298.0,-4298.0,-876443.0,-876931.0,16.137099999468774,True
2025-07-03T11:48:15.618374,39,4,-32113.0,3139.0,-6671.0,-92.0,-767860.0,-4312.0,-876377.0,-876984.0,15.568100003292784,True
2025-07-03T11:48:15.634403,40,4,-32089.0,3153.0,-6671.0,-94.0,-767170.0,-4308.0,-876423.0,-876920.0,15.983700002834667,True
2025-07-03T11:48:15.650356,41,4,-32100.0,3157.0,-6668.0,-75.0,-772770.0,-4300.0,-876477.0,-876824.0,8.630500000435859,True
2025-07-03T11:48:15.668393,42,4,-32127.0,3171.0,-6693.0,-76.0,-769496.0,-4284.0,-876449.0,-876922.0,17.925200001627672,True
2025-07-03T11:48:15.684400,43,4,-32126.0,3156.0,-6699.0,-92.0,-772651.0,-4298.0,-876321.0,-876890.0,15.865299996221438,True
2025-07-03T11:48:15.699002,44,4,-32123.0,3140.0,-6681.0,-86.0,-772457.0,-4300.0,-876418.0,-876912.0,14.49739999952726,True
2025-07-03T11:48:15.714326,45,4,-32092.0,3154.0,-6663.0,-77.0,-776085.0,-4304.0,-876456.0,-876900.0,15.261499996995553,True
2025-07-03T11:48:15.730270,46,4,-32121.0,3157.0,-6699.0,-85.0,-770208.0,-4287.0,-876373.0,-876981.0,15.892499999608845,True
2025-07-03T11:48:15.746529,47,4,-32134.0,3181.0,-6694.0,-83.0,-774389.0,-4284.0,-876378.0,-876872.0,16.208799999731127,True
2025-07-03T11:48:15.762156,48,4,-32130.0,3156.0,-6679.0,-90.0,-773041.0,-4290.0,-876408.0,-876811.0,15.57640000100946,True
2025-07-03T11:48:15.778084,49,4,-32127.0,3142.0,-6681.0,-96.0,-772810.0,-4298.0,-876395.0,-876863.0,15.87899999867659,True
2025-07-03T11:48:15.794118,50,4,-32101.0,3151.0,-6662.0,-74.0,-769984.0,-4304.0,-876461.0,-876879.0,15.97790000232635,True
2025-07-03T11:48:15.810112,51,4,-32129.0,3143.0,-6678.0,-81.0,-773533.0,-4302.0,-876426.0,-876855.0,8.895500002836343,True
2025-07-03T11:48:15.826100,52,4,-32147.0,3171.0,-6706.0,-77.0,-774901.0,-4290.0,-876444.0,-876921.0,15.934399998513982,True
2025-07-03T11:48:15.842115,53,4,-32145.0,3150.0,-6696.0,-96.0,-774942.0,-4304.0,-876347.0,-876873.0,15.96360000257846,True
2025-07-03T11:48:15.858078,54,4,-32132.0,3139.0,-6680.0,-96.0,-770717.0,-4303.0,-876406.0,-876944.0,15.88659999833908,True
2025-07-03T11:48:15.874243,55,4,-32095.0,3140.0,-6666.0,-84.0,-768660.0,-4298.0,-876404.0,-876905.0,16.106800001580268,True
2025-07-03T11:48:15.890284,56,4,-32107.0,3179.0,-6675.0,-62.0,-769810.0,-4285.0,-876368.0,-876890.0,15.985999998520128,True
2025-07-03T11:48:15.906565,57,4,-32135.0,3171.0,-6688.0,-68.0,-768766.0,-4284.0,-876373.0,-876886.0,16.22009999846341,True
2025-07-03T11:48:15.922780,58,4,-32132.0,3149.0,-6694.0,-91.0,-772030.0,-4303.0,-876374.0,-876822.0,16.139200000907294,True
2025-07-03T11:48:15.940255,59,4,-32129.0,3143.0,-6680.0,-85.0,-770366.0,-4307.0,-876455.0,-876886.0,17.353399998683017,True
2025-07-03T11:48:15.956215,60,4,-32117.0,3144.0,-6668.0,-79.0,-768858.0,-4300.0,-876431.0,-876864.0,15.802299996721558,True
2025-07-03T11:48:15.985520,61,4,-32130.0,3151.0,-6673.0,-86.0,-770264.0,-4307.0,-876367.0,-876865.0,22.339600000123028,True
2025-07-03T11:48:16.001968,62,4,-32133.0,3160.0,-6685.0,-81.0,-770874.0,-4315.0,-876384.0,-876888.0,16.395300001022406,True
2025-07-03T11:48:16.018229,63,4,-32147.0,3137.0,-6683.0,-86.0,-771760.0,-4298.0,-876346.0,-876846.0,16.202200000407174,True
2025-07-03T11:48:16.034833,64,4,-32107.0,3137.0,-6674.0,-88.0,-772151.0,-4294.0,-876428.0,-876882.0,16.52569999714615,True
2025-07-03T11:48:16.052348,65,4,-32112.0,3186.0,-6679.0,-56.0,-771384.0,-4276.0,-876368.0,-876853.0,17.38939999631839,True
2025-07-03T11:48:16.068276,66,4,-32143.0,3176.0,-6683.0,-71.0,-773324.0,-4283.0,-876439.0,-876870.0,15.774299994518515,True
2025-07-03T11:48:16.084313,67,4,-32140.0,3182.0,-6691.0,-70.0,-771326.0,-4276.0,-876405.0,-876835.0,15.885000000707805,True
2025-07-03T11:48:16.100664,68,4,-32152.0,3141.0,-6701.0,-92.0,-769024.0,-4305.0,-876501.0,-876869.0,16.17429999896558,True
2025-07-03T11:48:16.113638,69,4,-32139.0,3143.0,-6697.0,-90.0,-771029.0,-4310.0,-876441.0,-876872.0,12.88370000111172,True
2025-07-03T11:48:16.129862,70,4,-32154.0,3175.0,-6708.0,-72.0,-771841.0,-4285.0,-876389.0,-876986.0,16.175499993551057,True
2025-07-03T11:48:16.145426,71,4,-32139.0,3149.0,-6697.0,-89.0,-770829.0,-4306.0,-876438.0,-876845.0,8.716799995454494,True
2025-07-03T11:48:16.163520,72,4,-32115.0,3187.0,-6671.0,-68.0,-769966.0,-4295.0,-876411.0,-876930.0,17.986999999266118,True
2025-07-03T11:48:16.179791,73,4,-32126.0,3147.0,-6676.0,-83.0,-770959.0,-4298.0,-876464.0,-876869.0,16.11859999684384,True
2025-07-03T11:48:16.196001,74,4,-32121.0,3143.0,-6682.0,-91.0,-770759.0,-4309.0,-876422.0,-876902.0,16.072800004621968,True
2025-07-03T11:48:16.211667,75,4,-32119.0,3153.0,-6688.0,-91.0,-772059.0,-4301.0,-876452.0,-876961.0,15.52359999914188,True
2025-07-03T11:48:16.228140,76,4,-32155.0,3172.0,-6688.0,-76.0,-770897.0,-4286.0,-876478.0,-876894.0,16.29049999610288,True
2025-07-03T11:48:16.243667,77,4,-32134.0,3173.0,-6690.0,-68.0,-769573.0,-4275.0,-876356.0,-876884.0,15.372899993963074,True
2025-07-03T11:48:16.259980,78,4,-32130.0,3148.0,-6681.0,-78.0,-769214.0,-4314.0,-876437.0,-876908.0,16.14020000124583,True
2025-07-03T11:48:16.275539,79,4,-32130.0,3143.0,-6690.0,-94.0,-769355.0,-4306.0,-876394.0,-876842.0,15.408999999635853,True
2025-07-03T11:48:16.289532,80,4,-32128.0,3155.0,-6692.0,-84.0,-772933.0,-4287.0,-876475.0,-876943.0,13.905200001318008,True
2025-07-03T11:48:16.305187,81,4,-32117.0,3158.0,-6682.0,-81.0,-771369.0,-4303.0,-876424.0,-876915.0,8.887299998605158,True
2025-07-03T11:48:16.323181,82,4,-32131.0,3161.0,-6673.0,-79.0,-771584.0,-4276.0,-876410.0,-876893.0,17.886399997223634,True
2025-07-03T11:48:16.339087,83,4,-32124.0,3153.0,-6670.0,-63.0,-771626.0,-4295.0,-876401.0,-876826.0,15.796300001966301,True
2025-07-03T11:48:16.353736,84,4,-32120.0,3145.0,-6680.0,-85.0,-771070.0,-4306.0,-876430.0,-876832.0,14.497699994535651,True
2025-07-03T11:48:16.369568,85,4,-32146.0,3167.0,-6702.0,-91.0,-771954.0,-4297.0,-876431.0,-876891.0,15.738499998406041,True
2025-07-03T11:48:16.385532,86,4,-32140.0,3177.0,-6686.0,-74.0,-772031.0,-4281.0,-876374.0,-876884.0,15.904499996395316,True
2025-07-03T11:48:16.401779,87,4,-32114.0,3174.0,-6657.0,-66.0,-772869.0,-4280.0,-876458.0,-876916.0,16.168100002687424,True
2025-07-03T11:48:16.418496,88,4,-32114.0,3154.0,-6668.0,-72.0,-772144.0,-4306.0,-876459.0,-876895.0,16.627500001050066,True
2025-07-03T11:48:16.435528,89,4,-32103.0,3156.0,-6665.0,-76.0,-771245.0,-4299.0,-876458.0,-876828.0,16.908500001591165,True
2025-07-03T11:48:16.451002,90,4,-32126.0,3159.0,-6682.0,-82.0,-772437.0,-4293.0,-876403.0,-876894.0,15.329100002418272,True
2025-07-03T11:48:16.480532,91,4,-32114.0,3151.0,-6665.0,-86.0,-772865.0,-4310.0,-876380.0,-876869.0,22.180799998750445,True
2025-07-03T11:48:16.497200,92,4,-32119.0,3148.0,-6672.0,-70.0,-771933.0,-4301.0,-876485.0,-876880.0,16.618200002994854,True
2025-07-03T11:48:16.513325,93,4,-32100.0,3151.0,-6672.0,-83.0,-772308.0,-4293.0,-876396.0,-876857.0,16.071799997007474,True
2025-07-03T11:48:16.529325,94,4,-32143.0,3175.0,-6691.0,-73.0,-773049.0,-4283.0,-876393.0,-876875.0,15.931300004012883,True
2025-07-03T11:48:16.546725,95,4,-32138.0,3186.0,-6682.0,-85.0,-771821.0,-4291.0,-876337.0,-876924.0,17.293999997491483,True
2025-07-03T11:48:16.563351,96,4,-32127.0,3166.0,-6683.0,-88.0,-771832.0,-4298.0,-876407.0,-876874.0,16.54689999850234,True
2025-07-03T11:48:16.577336,97,4,-32135.0,3143.0,-6682.0,-86.0,-771285.0,-4303.0,-876450.0,-876920.0,13.932099995145109,True
2025-07-03T11:48:16.593665,98,4,-32091.0,3170.0,-6663.0,-66.0,-771810.0,-4280.0,-876425.0,-876837.0,16.24630000151228,True
2025-07-03T11:48:16.610069,99,4,-32138.0,3170.0,-6681.0,-71.0,-772657.0,-4298.0,-876390.0,-876930.0,16.313999993144535,True
2025-07-03T11:48:16.625588,100,4,-32140.0,3178.0,-6683.0,-66.0,-771016.0,-4286.0,-876481.0,-876892.0,15.434599998116028,True
2025-07-03T11:48:16.656957,101,4,-32146.0,3156.0,-6687.0,-90.0,-770706.0,-4288.0,-876383.0,-876879.0,12.252300002728589,True
2025-07-03T11:48:16.672766,102,4,-32110.0,3169.0,-6675.0,-78.0,-771238.0,-4294.0,-876400.0,-876888.0,15.756699998746626,True
2025-07-03T11:48:16.688986,103,4,-32155.0,3170.0,-6695.0,-77.0,-771740.0,-4278.0,-876380.0,-876968.0,16.160300001502037,True
2025-07-03T11:48:16.705618,104,4,-32142.0,3169.0,-6692.0,-77.0,-770687.0,-4287.0,-876424.0,-876833.0,16.45969999663066,True
2025-07-03T11:48:16.721679,105,4,-32126.0,3160.0,-6682.0,-86.0,-770684.0,-4292.0,-876341.0,-876810.0,15.930300003674347,True
2025-07-03T11:48:16.736794,106,4,-32136.0,3150.0,-6693.0,-95.0,-771738.0,-4299.0,-876404.0,-876929.0,15.045599997392856,True
2025-07-03T11:48:16.753064,107,4,-32110.0,3162.0,-6677.0,-78.0,-771690.0,-4282.0,-876372.0,-876853.0,16.209099994739518,True
2025-07-03T11:48:16.768585,108,4,-32133.0,3173.0,-6689.0,-72.0,-774308.0,-4273.0,-876350.0,-876884.0,15.424999997776467,True
2025-07-03T11:48:16.784586,109,4,-32109.0,3181.0,-6679.0,-74.0,-775547.0,-4277.0,-876377.0,-876775.0,15.94199999817647,True
2025-07-03T11:48:16.800552,110,4,-32111.0,3162.0,-6681.0,-82.0,-772101.0,-4295.0,-876406.0,-876835.0,15.903500003332738,True
2025-07-03T11:48:16.832377,111,4,-32116.0,3186.0,-6674.0,-59.0,-772682.0,-4268.0,-876385.0,-876826.0,20.79529999900842,True
2025-07-03T11:48:16.848470,112,4,-32116.0,3177.0,-6681.0,-61.0,-773952.0,-4276.0,-876504.0,-876924.0,16.032100000302307,True
2025-07-03T11:48:16.864564,113,4,-32123.0,3160.0,-6689.0,-77.0,-774176.0,-4279.0,-876387.0,-876819.0,16.035400003602263,True
2025-07-03T11:48:16.880466,114,4,-32102.0,3156.0,-6675.0,-86.0,-774878.0,-4297.0,-876460.0,-876873.0,15.843599998333957,True
2025-07-03T11:48:16.903506,115,4,-32104.0,3133.0,-6693.0,-109.0,-772436.0,-4302.0,-876421.0,-876878.0,22.97320000070613,True
2025-07-03T11:48:16.919382,116,4,-32119.0,3129.0,-6680.0,-85.0,-772264.0,-4296.0,-876398.0,-876852.0,15.81580000492977,True
2025-07-03T11:48:16.935224,117,4,-32105.0,3131.0,-6684.0,-99.0,-772622.0,-4317.0,-876370.0,-876886.0,15.785899995535146,True
2025-07-03T11:48:16.961679,118,4,-32123.0,3131.0,-6697.0,-105.0,-775125.0,-4302.0,-876388.0,-876941.0,26.33879999484634,True
2025-07-03T11:48:16.977561,119,4,-32099.0,3147.0,-6666.0,-86.0,-773859.0,-4302.0,-876352.0,-876856.0,15.711599997302983,True
2025-07-03T11:48:16.993481,120,4,-32087.0,3144.0,-6672.0,-85.0,-774348.0,-4290.0,-876400.0,-876851.0,15.759199995954987,True
2025-07-03T11:48:17.022604,121,4,-32094.0,3150.0,-6671.0,-91.0,-774272.0,-4300.0,-876336.0,-876931.0,23.430400004144758,True
2025-07-03T11:48:17.041843,122,4,-32110.0,3152.0,-6670.0,-78.0,-774341.0,-4296.0,-876418.0,-876855.0,18.960200002766214,True
2025-07-03T11:48:17.057911,123,4,-32122.0,3143.0,-6673.0,-81.0,-773205.0,-4296.0,-876350.0,-876887.0,15.843300003325567,True
2025-07-03T11:48:17.073256,124,4,-32105.0,3145.0,-6677.0,-85.0,-773269.0,-4292.0,-876445.0,-876896.0,15.195400002994575,True
2025-07-03T11:48:17.088996,125,4,-32124.0,3164.0,-6690.0,-84.0,-773262.0,-4292.0,-876475.0,-876904.0,15.599999998812564,True
2025-07-03T11:48:17.104952,126,4,-32134.0,3166.0,-6694.0,-84.0,-775068.0,-4275.0,-876377.0,-876987.0,15.827999995963182,True
2025-07-03T11:48:17.120960,127,4,-32110.0,3163.0,-6673.0,-75.0,-774111.0,-4281.0,-876436.0,-876872.0,15.887400004430674,True
2025-07-03T11:48:17.137269,128,4,-32117.0,3146.0,-6675.0,-91.0,-774199.0,-4301.0,-876420.0,-876857.0,16.175300006580073,True
2025-07-03T11:48:17.153339,129,4,-32108.0,3146.0,-6673.0,-87.0,-775460.0,-4284.0,-876479.0,-876941.0,15.928400003758725,True
2025-07-03T11:48:17.169165,130,4,-32128.0,3156.0,-6695.0,-87.0,-773884.0,-4287.0,-876480.0,-876892.0,15.649599998141639,True
2025-07-03T11:48:17.198293,131,4,-32119.0,3161.0,-6684.0,-88.0,-773135.0,-4290.0,-876444.0,-876805.0,23.293900005228352,True
2025-07-03T11:48:17.214864,132,4,-32100.0,3160.0,-6674.0,-79.0,-774449.0,-4297.0,-876424.0,-876896.0,16.515099996468052,True
2025-07-03T11:48:17.230848,133,4,-32135.0,3152.0,-6688.0,-89.0,-773790.0,-4298.0,-876466.0,-876836.0,15.93440000578994,True
2025-07-03T11:48:17.247198,134,4,-32151.0,3168.0,-6704.0,-83.0,-774399.0,-4284.0,-876447.0,-876931.0,16.2930000005872,True
2025-07-03T11:48:17.263713,135,4,-32137.0,3158.0,-6697.0,-96.0,-776785.0,-4287.0,-876429.0,-876934.0,16.442100000858773,True
2025-07-03T11:48:17.280564,136,4,-32149.0,3136.0,-6691.0,-97.0,-774738.0,-4305.0,-876381.0,-876844.0,16.729399998439476,True
2025-07-03T11:48:17.296718,137,4,-32105.0,3160.0,-6665.0,-74.0,-774289.0,-4289.0,-876432.0,-876882.0,16.008300000976305,True
2025-07-03T11:48:17.311152,138,4,-32107.0,3156.0,-6673.0,-72.0,-774853.0,-4282.0,-876415.0,-876860.0,14.334499996039085,True
2025-07-03T11:48:17.326622,139,4,-32134.0,3178.0,-6690.0,-68.0,-774614.0,-4277.0,-876431.0,-876841.0,15.40979999845149,True
2025-07-03T11:48:17.349559,140,4,-32138.0,3147.0,-6708.0,-102.0,-774590.0,-4292.0,-876367.0,-876871.0,22.887699997227173,True
2025-07-03T11:48:17.365570,141,4,-32103.0,3167.0,-6677.0,-78.0,-773447.0,-4275.0,-876427.0,-876839.0,9.855699994659517,True
2025-07-03T11:48:17.381520,142,4,-32132.0,3162.0,-6698.0,-84.0,-773830.0,-4280.0,-876381.0,-876856.0,15.896299999440089,True
2025-07-03T11:48:17.405433,143,4,-32129.0,3129.0,-6687.0,-103.0,-773188.0,-4299.0,-876376.0,-876837.0,23.852400001487695,True
2025-07-03T11:48:17.420784,144,4,-32124.0,3156.0,-6692.0,-92.0,-773836.0,-4293.0,-876435.0,-876894.0,15.173700005107094,True
2025-07-03T11:48:17.444458,145,4,-32113.0,3136.0,-6678.0,-102.0,-772601.0,-4299.0,-876423.0,-876874.0,23.540100002719555,True
2025-07-03T11:48:17.460399,146,4,-32124.0,3146.0,-6687.0,-84.0,-772471.0,-4286.0,-876393.0,-876867.0,15.853099997912068,True
2025-07-03T11:48:17.483651,147,4,-32101.0,3132.0,-6682.0,-101.0,-772637.0,-4319.0,-876426.0,-876923.0,23.196100002678577,True
2025-07-03T11:48:17.499337,148,4,-32118.0,3158.0,-6679.0,-90.0,-773080.0,-4299.0,-876379.0,-876903.0,15.63430000533117,True
2025-07-03T11:48:17.515559,149,4,-32106.0,3142.0,-6682.0,-93.0,-774431.0,-4288.0,-876382.0,-876871.0,16.172700001334306,True
2025-07-03T11:48:17.531193,150,4,-32091.0,3167.0,-6671.0,-80.0,-774692.0,-4283.0,-876444.0,-876840.0,15.569600000162609,True
2025-07-03T11:48:17.549445,151,4,-32101.0,3151.0,-6681.0,-96.0,-774706.0,-4294.0,-876417.0,-876907.0,11.832000003778376,True
2025-07-03T11:48:17.564559,152,4,-32112.0,3187.0,-6679.0,-53.0,-773692.0,-4266.0,-876484.0,-876892.0,14.999800005170982,True
2025-07-03T11:48:17.579512,153,4,-32118.0,3170.0,-6682.0,-79.0,-771633.0,-4291.0,-876451.0,-876895.0,14.871300001686905,True
2025-07-03T11:48:17.603423,154,4,-32115.0,3128.0,-6689.0,-105.0,-773470.0,-4297.0,-876350.0,-876807.0,23.731199995381758,True
2025-07-03T11:48:17.619146,155,4,-32128.0,3145.0,-6679.0,-81.0,-774359.0,-4295.0,-876375.0,-876828.0,15.622900005837437,True
2025-07-03T11:48:17.643045,156,4,-32116.0,3128.0,-6686.0,-101.0,-774663.0,-4305.0,-876427.0,-876874.0,23.849999997764826,True
2025-07-03T11:48:17.658967,157,4,-32127.0,3156.0,-6681.0,-87.0,-774505.0,-4294.0,-876442.0,-876853.0,15.871199997491203,True
2025-07-03T11:48:17.674956,158,4,-32109.0,3135.0,-6682.0,-91.0,-776313.0,-4291.0,-876404.0,-876870.0,15.93420000426704,True
2025-07-03T11:48:17.690958,159,4,-32119.0,3156.0,-6686.0,-90.0,-775826.0,-4284.0,-876447.0,-876927.0,15.948000000207685,True
2025-07-03T11:48:17.707368,160,4,-32148.0,3167.0,-6695.0,-74.0,-776690.0,-4268.0,-876431.0,-876920.0,16.31929999712156,True
2025-07-03T11:48:17.724226,161,4,-32138.0,3168.0,-6693.0,-82.0,-774560.0,-4289.0,-876390.0,-876829.0,11.433500003477093,True
2025-07-03T11:48:17.739841,162,4,-32127.0,3157.0,-6686.0,-67.0,-774439.0,-4280.0,-876381.0,-876914.0,15.553500001260545,True
2025-07-03T11:48:17.755728,163,4,-32109.0,3144.0,-6674.0,-88.0,-775819.0,-4309.0,-876356.0,-876832.0,15.675900001951959,True
2025-07-03T11:48:17.771416,164,4,-32114.0,3149.0,-6684.0,-90.0,-774651.0,-4287.0,-876349.0,-876874.0,15.579899998556357,True
2025-07-03T11:48:17.787411,165,4,-32147.0,3157.0,-6715.0,-89.0,-773645.0,-4292.0,-876435.0,-876822.0,15.800799999851733,True
2025-07-03T11:48:17.802803,166,4,-32104.0,3177.0,-6676.0,-73.0,-773445.0,-4281.0,-876393.0,-876888.0,15.277400001650676,True
2025-07-03T11:48:17.818776,167,4,-32128.0,3140.0,-6676.0,-92.0,-772233.0,-4294.0,-876426.0,-876944.0,15.921300000627525,True
2025-07-03T11:48:17.834951,168,4,-32095.0,3146.0,-6670.0,-86.0,-773263.0,-4296.0,-876342.0,-876814.0,16.124900001159403,True
2025-07-03T11:48:17.850874,169,4,-32116.0,3152.0,-6674.0,-89.0,-774779.0,-4292.0,-876392.0,-876888.0,15.868900001805741,True
2025-07-03T11:48:17.866697,170,4,-32149.0,3175.0,-6696.0,-83.0,-773435.0,-4289.0,-876494.0,-876877.0,15.771399994264357,True
2025-07-03T11:48:17.896549,171,4,-32140.0,3157.0,-6697.0,-100.0,-772859.0,-4299.0,-876473.0,-876791.0,23.37969999643974,True
2025-07-03T11:48:17.912820,172,4,-32095.0,3215.0,-6670.0,-9.0,-772619.0,-4194.0,-876442.0,-876906.0,16.220899997279048,True
2025-07-03T11:48:17.929283,173,4,-32159.0,3212.0,-6696.0,-18.0,-772971.0,-4194.0,-876398.0,-876878.0,16.39670000440674,True
2025-07-03T11:48:17.944494,174,4,-32153.0,3211.0,-6698.0,-20.0,-773610.0,-4204.0,-876301.0,-876863.0,15.152899999520741,True
2025-07-03T11:48:17.960492,175,4,-32145.0,3198.0,-6690.0,-37.0,-772635.0,-4196.0,-876457.0,-876827.0,15.948100000969134,True
2025-07-03T11:48:17.976445,176,4,-32123.0,3182.0,-6670.0,-32.0,-771662.0,-4202.0,-876395.0,-876845.0,15.901400001894217,True
2025-07-03T11:48:17.992443,177,4,-32100.0,3195.0,-6668.0,-24.0,-773312.0,-4210.0,-876369.0,-876795.0,15.944899998430628,True
2025-07-03T11:48:18.008537,178,4,-32151.0,3177.0,-6696.0,-71.0,-772480.0,-4282.0,-876385.0,-876853.0,16.042100003687665,True
2025-07-03T11:48:18.024793,179,4,-32126.0,3181.0,-6691.0,-73.0,-774639.0,-4283.0,-876430.0,-876886.0,16.20600000023842,True
2025-07-03T11:48:18.047736,180,4,-32152.0,3140.0,-6707.0,-104.0,-772157.0,-4300.0,-876405.0,-876959.0,22.89100000052713,True
2025-07-03T11:48:18.063254,181,4,-32118.0,3187.0,-6673.0,-58.0,-773056.0,-4283.0,-876377.0,-876869.0,9.739399996760767,True
2025-07-03T11:48:18.079505,182,4,-32144.0,3151.0,-6693.0,-92.0,-774908.0,-4305.0,-876455.0,-876902.0,16.20070000353735,True
2025-07-03T11:48:18.095545,183,4,-32115.0,3140.0,-6680.0,-92.0,-774050.0,-4294.0,-876386.0,-876850.0,15.98809999995865,True
2025-07-03T11:48:18.111236,184,4,-32107.0,3172.0,-6675.0,-72.0,-772697.0,-4274.0,-876349.0,-876879.0,15.63950000127079,True
2025-07-03T11:48:18.127699,185,4,-32154.0,3181.0,-6698.0,-65.0,-774582.0,-4274.0,-876377.0,-876927.0,16.40190000034636,True
2025-07-03T11:48:18.144515,186,4,-32135.0,3163.0,-6688.0,-85.0,-773129.0,-4291.0,-876401.0,-876942.0,16.73309999750927,True
2025-07-03T11:48:18.161550,187,4,-32142.0,3148.0,-6692.0,-91.0,-771933.0,-4302.0,-876333.0,-876890.0,16.905899996345397,True
2025-07-03T11:48:18.177799,188,4,-32122.0,3141.0,-6688.0,-95.0,-772140.0,-4307.0,-876401.0,-876921.0,16.09660000394797,True
2025-07-03T11:48:18.193367,189,4,-32116.0,3142.0,-6680.0,-92.0,-773553.0,-4293.0,-876441.0,-876840.0,15.416299997013994,True
2025-07-03T11:48:18.209660,190,4,-32149.0,3158.0,-6695.0,-78.0,-773671.0,-4275.0,-876421.0,-876922.0,16.141100000822917,True
2025-07-03T11:48:18.238753,191,4,-32109.0,3152.0,-6684.0,-83.0,-772233.0,-4286.0,-876486.0,-876884.0,22.812399998656474,True
2025-07-03T11:48:18.255558,192,4,-32107.0,3152.0,-6675.0,-85.0,-771885.0,-4300.0,-876359.0,-876948.0,16.700999993190635,True
2025-07-03T11:48:18.271086,193,4,-32140.0,3142.0,-6697.0,-92.0,-772587.0,-4283.0,-876407.0,-876914.0,15.464500000234693,True
2025-07-03T11:48:18.287390,194,4,-32143.0,3185.0,-6686.0,-60.0,-772435.0,-4266.0,-876412.0,-876886.0,16.25209999474464,True
2025-07-03T11:48:18.303677,195,4,-32123.0,3175.0,-6682.0,-60.0,-773420.0,-4287.0,-876432.0,-876942.0,16.11869999760529,True
2025-07-03T11:48:18.318895,196,4,-32129.0,3154.0,-6682.0,-83.0,-772620.0,-4302.0,-876421.0,-876786.0,15.084899998328183,True
2025-07-03T11:48:18.335350,197,4,-32119.0,3145.0,-6687.0,-95.0,-772698.0,-4312.0,-876407.0,-876900.0,16.40159999806201,True
2025-07-03T11:48:18.351298,198,4,-32128.0,3155.0,-6687.0,-89.0,-774343.0,-4287.0,-876408.0,-876815.0,15.894700001808815,True
2025-07-03T11:48:18.366872,199,4,-32148.0,3179.0,-6693.0,-70.0,-774233.0,-4268.0,-876395.0,-876821.0,15.52079999964917,True
2025-07-03T11:48:18.383202,200,4,-32113.0,3175.0,-6682.0,-73.0,-772904.0,-4275.0,-876420.0,-876877.0,16.276599999400787,True
2025-07-03T11:48:18.398764,201,4,-32151.0,3174.0,-6704.0,-80.0,-771739.0,-4287.0,-876389.0,-876912.0,9.517499995126855,True
2025-07-03T11:48:18.423778,202,4,-32118.0,3139.0,-6684.0,-100.0,-774140.0,-4309.0,-876441.0,-876875.0,24.901600001612678,True
2025-07-03T11:48:18.438915,203,4,-32131.0,3159.0,-6679.0,-85.0,-771648.0,-4296.0,-876392.0,-876866.0,15.012900003057439,True
2025-07-03T11:48:18.455171,204,4,-32111.0,3137.0,-6681.0,-89.0,-772448.0,-4306.0,-876404.0,-876880.0,16.160600003786385,True
2025-07-03T11:48:18.471143,205,4,-32121.0,3151.0,-6688.0,-78.0,-771134.0,-4286.0,-876396.0,-876871.0,15.886299996054731,True
2025-07-03T11:48:18.486628,206,4,-32167.0,3163.0,-6718.0,-96.0,-773812.0,-4304.0,-876402.0,-876970.0,15.383600002678577,True
2025-07-03T11:48:18.501633,207,4,-32127.0,3176.0,-6679.0,-67.0,-772683.0,-4279.0,-876368.0,-876874.0,14.939200002118014,True
2025-07-03T11:48:18.519898,208,4,-32140.0,3154.0,-6683.0,-81.0,-773203.0,-4304.0,-876412.0,-876959.0,18.152099997678306,True
2025-07-03T11:48:18.535768,209,4,-32124.0,3146.0,-6679.0,-83.0,-773590.0,-4310.0,-876389.0,-876934.0,15.72209999721963,True
2025-07-03T11:48:18.552118,210,4,-32143.0,3153.0,-6693.0,-84.0,-773023.0,-4284.0,-876425.0,-876931.0,16.196999997191597,True
2025-07-03T11:48:18.580940,211,4,-32132.0,3142.0,-6683.0,-85.0,-774042.0,-4303.0,-876445.0,-876887.0,22.491099996841513,True
2025-07-03T11:48:18.597381,212,4,-32149.0,3134.0,-6687.0,-91.0,-774177.0,-4295.0,-876485.0,-876931.0,16.38890000322135,True
2025-07-03T11:48:18.613943,213,4,-32103.0,3155.0,-6670.0,-82.0,-773009.0,-4301.0,-876392.0,-876917.0,16.504799998074304,True
2025-07-03T11:48:18.629405,214,4,-32152.0,3172.0,-6694.0,-84.0,-773922.0,-4286.0,-876376.0,-876882.0,15.405900005134754,True
2025-07-03T11:48:18.645511,215,4,-32156.0,3173.0,-6698.0,-78.0,-772448.0,-4282.0,-876494.0,-876870.0,16.042200004449114,True
2025-07-03T11:48:18.661291,216,4,-32137.0,3157.0,-6691.0,-81.0,-772367.0,-4306.0,-876423.0,-876975.0,15.722100004495587,True
2025-07-03T11:48:18.677284,217,4,-32128.0,3137.0,-6677.0,-83.0,-773596.0,-4309.0,-876425.0,-876882.0,15.938600001391023,True
2025-07-03T11:48:18.693244,218,4,-32108.0,3152.0,-6676.0,-79.0,-774437.0,-4298.0,-876393.0,-876865.0,15.909000001556706,True
2025-07-03T11:48:18.709193,219,4,-32137.0,3172.0,-6689.0,-76.0,-772212.0,-4290.0,-876442.0,-876826.0,15.89810000587022,True
2025-07-03T11:48:18.725494,220,4,-32156.0,3170.0,-6699.0,-84.0,-772031.0,-4279.0,-876436.0,-876945.0,16.244900005403906,True
2025-07-03T11:48:18.741155,221,4,-32155.0,3180.0,-6691.0,-68.0,-771738.0,-4293.0,-876409.0,-876910.0,9.66129999869736,True
2025-07-03T11:48:18.757367,222,4,-32147.0,3137.0,-6677.0,-88.0,-772810.0,-4312.0,-876403.0,-876864.0,16.160699997271877,True
2025-07-03T11:48:18.773340,223,4,-32092.0,3165.0,-6658.0,-79.0,-773194.0,-4292.0,-876422.0,-876963.0,15.923099999781698,True
2025-07-03T11:48:18.789194,224,4,-32134.0,3175.0,-6688.0,-72.0,-773344.0,-4284.0,-876518.0,-876914.0,15.799699998751748,True
2025-07-03T11:48:18.805164,225,4,-32140.0,3185.0,-6688.0,-76.0,-772192.0,-4282.0,-876338.0,-876913.0,15.908900000795256,True
2025-07-03T11:48:18.822344,226,4,-32142.0,3159.0,-6698.0,-95.0,-774282.0,-4302.0,-876436.0,-876864.0,17.118000003392808,True
2025-07-03T11:48:18.845916,227,4,-32152.0,3129.0,-6691.0,-105.0,-772472.0,-4320.0,-876393.0,-876893.0,23.518399997556116,True
2025-07-03T11:48:18.861927,228,4,-32139.0,3144.0,-6694.0,-94.0,-773961.0,-4305.0,-876376.0,-876871.0,15.957899995555636,True
2025-07-03T11:48:18.877875,229,4,-32122.0,3152.0,-6674.0,-90.0,-774964.0,-4304.0,-876330.0,-876868.0,15.896800003247336,True
2025-07-03T11:48:18.894145,230,4,-32097.0,3152.0,-6663.0,-78.0,-774646.0,-4294.0,-876460.0,-876866.0,16.220600002270658,True
2025-07-03T11:48:18.909837,231,4,-32107.0,3143.0,-6680.0,-88.0,-774253.0,-4305.0,-876451.0,-876885.0,11.48809999722289,True
2025-07-03T11:48:18.925829,232,4,-32129.0,3191.0,-6687.0,-57.0,-772309.0,-4277.0,-876429.0,-876921.0,15.941899997415021,True
2025-07-03T11:48:18.941735,233,4,-32123.0,3166.0,-6688.0,-83.0,-772715.0,-4306.0,-876433.0,-876824.0,15.856000005442183,True
2025-07-03T11:48:18.957720,234,4,-32122.0,3153.0,-6674.0,-78.0,-772549.0,-4309.0,-876396.0,-876882.0,15.93160000629723,True
2025-07-03T11:48:18.973687,235,4,-32112.0,3135.0,-6679.0,-94.0,-770971.0,-4316.0,-876446.0,-876888.0,15.917900003842078,True
2025-07-03T11:48:18.989683,236,4,-32139.0,3162.0,-6688.0,-66.0,-771610.0,-4275.0,-876336.0,-876897.0,15.946000006806571,True
2025-07-03T11:48:19.005737,237,4,-32128.0,3200.0,-6677.0,-56.0,-772777.0,-4272.0,-876493.0,-876866.0,15.99980000173673,True
2025-07-03T11:48:19.022191,238,4,-32136.0,3145.0,-6696.0,-96.0,-773114.0,-4305.0,-876423.0,-876888.0,16.402399996877648,True
2025-07-03T11:48:19.038218,239,4,-32122.0,3147.0,-6675.0,-86.0,-772203.0,-4310.0,-876406.0,-876817.0,15.970000000379514,True
2025-07-03T11:48:19.054092,240,4,-32116.0,3128.0,-6681.0,-97.0,-772024.0,-4306.0,-876410.0,-876914.0,15.717900001618546,True
2025-07-03T11:48:19.071048,241,4,-32109.0,3152.0,-6679.0,-88.0,-772719.0,-4311.0,-876352.0,-876943.0,10.905499999353196,True
2025-07-03T11:48:19.085748,242,4,-32138.0,3168.0,-6693.0,-75.0,-772306.0,-4280.0,-876386.0,-876821.0,14.640699999290518,True
2025-07-03T11:48:19.101554,243,4,-32116.0,3157.0,-6675.0,-78.0,-771423.0,-4286.0,-876389.0,-876865.0,15.74310000432888,True
2025-07-03T11:48:19.117546,244,4,-32098.0,3158.0,-6661.0,-67.0,-771382.0,-4299.0,-876410.0,-876924.0,15.942600002745166,True
2025-07-03T11:48:19.133534,245,4,-32089.0,3149.0,-6679.0,-80.0,-771413.0,-4304.0,-876362.0,-876843.0,15.935900002659764,True
2025-07-03T11:48:19.149840,246,4,-32116.0,3173.0,-6688.0,-67.0,-771407.0,-4280.0,-876434.0,-876917.0,16.24160000210395,True
2025-07-03T11:48:19.166644,247,4,-32093.0,3200.0,-6676.0,-60.0,-770290.0,-4279.0,-876405.0,-876947.0,16.731100004108157,True
2025-07-03T11:48:19.183243,248,4,-32119.0,3161.0,-6692.0,-76.0,-769361.0,-4277.0,-876395.0,-876894.0,16.477900004247203,True
2025-07-03T11:48:19.200040,249,4,-32108.0,3154.0,-6664.0,-75.0,-770215.0,-4288.0,-876454.0,-876847.0,16.649199998937547,True
2025-07-03T11:48:19.215974,250,4,-32105.0,3153.0,-6670.0,-73.0,-770382.0,-4305.0,-876486.0,-876887.0,15.77470000484027,True
2025-07-03T11:48:19.245898,251,4,-32099.0,3165.0,-6665.0,-72.0,-769998.0,-4291.0,-876445.0,-876899.0,22.759399995265994,True
2025-07-03T11:48:19.261368,252,4,-32126.0,3150.0,-6684.0,-85.0,-770707.0,-4291.0,-876421.0,-876870.0,15.420399999129586,True
2025-07-03T11:48:19.277262,253,4,-32115.0,3150.0,-6675.0,-70.0,-770742.0,-4285.0,-876415.0,-876880.0,15.842700006032828,True
2025-07-03T11:48:19.293213,254,4,-32109.0,3145.0,-6678.0,-86.0,-770395.0,-4293.0,-876411.0,-876947.0,15.898699995887,True
2025-07-03T11:48:19.309472,255,4,-32113.0,3178.0,-6686.0,-74.0,-771327.0,-4282.0,-876423.0,-876858.0,16.19629999913741,True
2025-07-03T11:48:19.325677,256,4,-32131.0,3169.0,-6704.0,-86.0,-771310.0,-4291.0,-876396.0,-876887.0,16.102900000987574,True
2025-07-03T11:48:19.341615,257,4,-32105.0,3151.0,-6678.0,-85.0,-771160.0,-4305.0,-876470.0,-876922.0,15.862599997490179,True
2025-07-03T11:48:19.357856,258,4,-32098.0,3138.0,-6680.0,-87.0,-770697.0,-4294.0,-876456.0,-876847.0,16.18379999854369,True
2025-07-03T11:48:19.373012,259,4,-32070.0,3146.0,-6659.0,-76.0,-771188.0,-4297.0,-876370.0,-876770.0,15.102900004421826,True
2025-07-03T11:48:19.388944,260,4,-32097.0,3184.0,-6678.0,-74.0,-773441.0,-4277.0,-876372.0,-876888.0,15.87939999444643,True
2025-07-03T11:48:19.404910,261,4,-32107.0,3158.0,-6689.0,-73.0,-774355.0,-4276.0,-876454.0,-876859.0,10.289400001056492,True
2025-07-03T11:48:19.427879,262,4,-32115.0,3136.0,-6679.0,-100.0,-773101.0,-4297.0,-876388.0,-876822.0,22.918800001207273,True
2025-07-03T11:48:19.443979,263,4,-32107.0,3172.0,-6692.0,-92.0,-773232.0,-4285.0,-876363.0,-876841.0,16.05060000292724,True
2025-07-03T11:48:19.460193,264,4,-32098.0,3144.0,-6682.0,-94.0,-773898.0,-4297.0,-876429.0,-876833.0,16.155899997102097,True
2025-07-03T11:48:19.476700,265,4,-32106.0,3149.0,-6677.0,-84.0,-773845.0,-4294.0,-876354.0,-876896.0,16.434800003480632,True
2025-07-03T11:48:19.493616,266,4,-32103.0,3130.0,-6686.0,-93.0,-773222.0,-4283.0,-876393.0,-876845.0,16.819299999042414,True
2025-07-03T11:48:19.510473,267,4,-32116.0,3175.0,-6678.0,-71.0,-772712.0,-4276.0,-876475.0,-876920.0,16.760200000135228,True
2025-07-03T11:48:19.524366,268,4,-32120.0,3191.0,-6679.0,-64.0,-774080.0,-4273.0,-876393.0,-876887.0,13.835600002494175,True
2025-07-03T11:48:19.548839,269,4,-32111.0,3145.0,-6684.0,-102.0,-775841.0,-4300.0,-876466.0,-876903.0,24.402099996223114,True
2025-07-03T11:48:19.565851,270,4,-32140.0,3171.0,-6686.0,-74.0,-774835.0,-4292.0,-876381.0,-876902.0,16.882299998542294,True
2025-07-03T11:48:19.594991,271,4,-32131.0,3178.0,-6683.0,-68.0,-775489.0,-4264.0,-876490.0,-876857.0,22.614199995587114,True
2025-07-03T11:48:19.611706,272,4,-32116.0,3162.0,-6691.0,-88.0,-774535.0,-4281.0,-876398.0,-876865.0,16.661800000292715,True
2025-07-03T11:48:19.627785,273,4,-32119.0,3186.0,-6673.0,-61.0,-776075.0,-4266.0,-876333.0,-876764.0,16.02899999852525,True
2025-07-03T11:48:19.643816,274,4,-32115.0,3171.0,-6685.0,-72.0,-775825.0,-4279.0,-876404.0,-876932.0,15.983000004780479,True
2025-07-03T11:48:19.659866,275,4,-32110.0,3155.0,-6678.0,-90.0,-774352.0,-4299.0,-876370.0,-876821.0,16.00029999826802,True
2025-07-03T11:48:19.675866,276,4,-32102.0,3140.0,-6680.0,-97.0,-774826.0,-4310.0,-876430.0,-876858.0,15.95169999927748,True
2025-07-03T11:48:19.691598,277,4,-32095.0,3155.0,-6683.0,-81.0,-774798.0,-4292.0,-876409.0,-876829.0,15.678899995691609,True
2025-07-03T11:48:19.708167,278,4,-32111.0,3181.0,-6674.0,-59.0,-774292.0,-4274.0,-876427.0,-876893.0,16.51500000298256,True
2025-07-03T11:48:19.724192,279,4,-32132.0,3161.0,-6695.0,-87.0,-774240.0,-4279.0,-876406.0,-876890.0,15.967499995895196,True
2025-07-03T11:48:19.739489,280,4,-32105.0,3166.0,-6670.0,-75.0,-773301.0,-4294.0,-876431.0,-876765.0,15.242000001308043,True
2025-07-03T11:48:19.755323,281,4,-32120.0,3156.0,-6681.0,-90.0,-773180.0,-4291.0,-876476.0,-876834.0,9.616700001060963,True
2025-07-03T11:48:19.773623,282,4,-32111.0,3148.0,-6691.0,-95.0,-773661.0,-4290.0,-876377.0,-876862.0,18.1940000038594,True
2025-07-03T11:48:19.789339,283,4,-32133.0,3164.0,-6698.0,-78.0,-771664.0,-4284.0,-876522.0,-876936.0,15.578200000163633,True
2025-07-03T11:48:19.805629,284,4,-32139.0,3157.0,-6705.0,-85.0,-773726.0,-4274.0,-876360.0,-876943.0,16.14259999769274,True
2025-07-03T11:48:19.821249,285,4,-32109.0,3163.0,-6670.0,-73.0,-771789.0,-4283.0,-876436.0,-876837.0,15.481400005228352,True
2025-07-03T11:48:19.836005,286,4,-32110.0,3149.0,-6680.0,-82.0,-772321.0,-4308.0,-876334.0,-876954.0,14.67150000098627,True
2025-07-03T11:48:19.851391,287,4,-32112.0,3142.0,-6696.0,-93.0,-772767.0,-4295.0,-876352.0,-877030.0,15.335700001742225,True
2025-07-03T11:48:19.867732,288,4,-32146.0,3165.0,-6696.0,-84.0,-772506.0,-4287.0,-876387.0,-876969.0,16.28550000168616,True
2025-07-03T11:48:19.883594,289,4,-32125.0,3164.0,-6695.0,-79.0,-771187.0,-4274.0,-876384.0,-876909.0,15.811600002052728,True
2025-07-03T11:48:19.899417,290,4,-32106.0,3141.0,-6672.0,-83.0,-770651.0,-4288.0,-876382.0,-876892.0,15.772299993841443,True
2025-07-03T11:48:19.915390,291,4,-32111.0,3151.0,-6686.0,-84.0,-775856.0,-4280.0,-876395.0,-876799.0,9.1963000013493,True
2025-07-03T11:48:19.931085,292,4,-32096.0,3147.0,-6681.0,-85.0,-775140.0,-4279.0,-876487.0,-876871.0,15.643999999156222,True
2025-07-03T11:48:19.947382,293,4,-32138.0,3159.0,-6699.0,-82.0,-772197.0,-4278.0,-876412.0,-876874.0,16.24699999956647,True
2025-07-03T11:48:19.963351,294,4,-32125.0,3148.0,-6696.0,-90.0,-775307.0,-4280.0,-876390.0,-876928.0,15.917799995804671,True
2025-07-03T11:48:19.979390,295,4,-32096.0,3148.0,-6668.0,-77.0,-772885.0,-4279.0,-876385.0,-876890.0,15.98839999496704,True
2025-07-03T11:48:19.995578,296,4,-32104.0,3129.0,-6677.0,-95.0,-771644.0,-4300.0,-876439.0,-876935.0,16.127000002597924,True
2025-07-03T11:48:20.012237,297,4,-32077.0,3174.0,-6667.0,-65.0,-773901.0,-4288.0,-876401.0,-876816.0,16.576100002566818,True
2025-07-03T11:48:20.029665,298,4,-32127.0,3152.0,-6693.0,-86.0,-774025.0,-4290.0,-876374.0,-876903.0,17.29909999994561,True
2025-07-03T11:48:20.043359,299,4,-32127.0,3173.0,-6694.0,-82.0,-771970.0,-4284.0,-876336.0,-877005.0,13.591399998404086,True
2025-07-03T11:48:20.059046,300,4,-32104.0,3148.0,-6668.0,-83.0,-771866.0,-4291.0,-876406.0,-876818.0,15.633399998478126,True
2025-07-03T11:48:20.075198,301,4,-32119.0,3152.0,-6690.0,-87.0,-773993.0,-4290.0,-876430.0,-876911.0,9.392799998749979,True
2025-07-03T11:48:20.090855,302,4,-32099.0,3158.0,-6682.0,-76.0,-776200.0,-4292.0,-876489.0,-876865.0,15.607199995429255,True
2025-07-03T11:48:20.107549,303,4,-32130.0,3166.0,-6687.0,-80.0,-775693.0,-4285.0,-876460.0,-876967.0,16.58550000138348,True
2025-07-03T11:48:20.123352,304,4,-32110.0,3162.0,-6680.0,-73.0,-774513.0,-4289.0,-876396.0,-876895.0,15.580899998894893,True
2025-07-03T11:48:20.138813,305,4,-32114.0,3155.0,-6675.0,-91.0,-772992.0,-4288.0,-876408.0,-876891.0,15.3641999932006,True
2025-07-03T11:48:20.155149,306,4,-32088.0,3130.0,-6673.0,-84.0,-774195.0,-4285.0,-876445.0,-876932.0,16.28319999872474,True
2025-07-03T11:48:20.170921,307,4,-32083.0,3159.0,-6672.0,-79.0,-773110.0,-4277.0,-876369.0,-876871.0,15.714099994511344,True
2025-07-03T11:48:20.187233,308,4,-32128.0,3166.0,-6687.0,-80.0,-776137.0,-4269.0,-876421.0,-876905.0,16.25410000269767,True
2025-07-03T11:48:20.203557,309,4,-32099.0,3174.0,-6680.0,-79.0,-774223.0,-4279.0,-876493.0,-876836.0,16.161400002602022,True
2025-07-03T11:48:20.218876,310,4,-32108.0,3147.0,-6680.0,-97.0,-772974.0,-4302.0,-876387.0,-876896.0,15.17020000028424,True
2025-07-03T11:48:20.234582,311,4,-32104.0,3161.0,-6692.0,-83.0,-774525.0,-4291.0,-876438.0,-876818.0,9.470799996051937,True
2025-07-03T11:48:20.250471,312,4,-32106.0,3166.0,-6670.0,-70.0,-775009.0,-4280.0,-876414.0,-876916.0,15.837699997064192,True
2025-07-03T11:48:20.266626,313,4,-32134.0,3164.0,-6691.0,-83.0,-773554.0,-4276.0,-876435.0,-876872.0,16.10390000132611,True
2025-07-03T11:48:20.282627,314,4,-32100.0,3169.0,-6684.0,-85.0,-774443.0,-4289.0,-876499.0,-876915.0,15.947799998684786,True
2025-07-03T11:48:20.305361,315,4,-32123.0,3135.0,-6686.0,-108.0,-773017.0,-4308.0,-876448.0,-876811.0,22.681399997964036,True
2025-07-03T11:48:20.321778,316,4,-32116.0,3155.0,-6679.0,-85.0,-772807.0,-4284.0,-876421.0,-876806.0,16.366199997719377,True
2025-07-03T11:48:20.338178,317,4,-32132.0,3167.0,-6692.0,-56.0,-772920.0,-4243.0,-876399.0,-876931.0,16.338399997039232,True
2025-07-03T11:48:20.354669,318,4,-32104.0,3185.0,-6680.0,-27.0,-773860.0,-4202.0,-876529.0,-876836.0,16.40900000347756,True
2025-07-03T11:48:20.372087,319,4,-32119.0,3201.0,-6684.0,-23.0,-775682.0,-4189.0,-876390.0,-876953.0,17.288200004259124,True
2025-07-03T11:48:20.387937,320,4,-32128.0,3207.0,-6684.0,-17.0,-777411.0,-4174.0,-876424.0,-876852.0,15.705699996033218,True
2025-07-03T11:48:20.416875,321,4,-32121.0,3206.0,-6688.0,-20.0,-773836.0,-4188.0,-876328.0,-876872.0,22.199500002898276,True
2025-07-03T11:48:20.435622,322,4,-32119.0,3141.0,-6687.0,-99.0,-774363.0,-4301.0,-876349.0,-876853.0,18.640499998582527,True
2025-07-03T11:48:20.451519,323,4,-32131.0,3142.0,-6692.0,-94.0,-773044.0,-4295.0,-876406.0,-876854.0,15.744800002721604,True
2025-07-03T11:48:20.467920,324,4,-32137.0,3182.0,-6683.0,-71.0,-772912.0,-4279.0,-876482.0,-876913.0,16.227000000071712,True
2025-07-03T11:48:20.483558,325,4,-32128.0,3165.0,-6681.0,-74.0,-773273.0,-4280.0,-876345.0,-876850.0,15.478399996936787,True
2025-07-03T11:48:20.499464,326,4,-32128.0,3147.0,-6674.0,-78.0,-772160.0,-4299.0,-876444.0,-876887.0,15.737499998067506,True
2025-07-03T11:48:20.514461,327,4,-32115.0,3148.0,-6669.0,-84.0,-773888.0,-4296.0,-876433.0,-876889.0,14.867599995341152,True
2025-07-03T11:48:20.529504,328,4,-32119.0,3157.0,-6694.0,-92.0,-774933.0,-4294.0,-876471.0,-876866.0,14.96190000034403,True
2025-07-03T11:48:20.545161,329,4,-32146.0,3181.0,-6685.0,-74.0,-774541.0,-4275.0,-876463.0,-876854.0,15.591600000334438,True
2025-07-03T11:48:20.561121,330,4,-32110.0,3170.0,-6664.0,-73.0,-773932.0,-4295.0,-876382.0,-876837.0,15.907200002402533,True
2025-07-03T11:48:20.577104,331,4,-32146.0,3154.0,-6700.0,-98.0,-776266.0,-4287.0,-876449.0,-876808.0,9.664900004281662,True
2025-07-03T11:48:20.593106,332,4,-32108.0,3152.0,-6682.0,-93.0,-775025.0,-4300.0,-876414.0,-876848.0,15.917099997750483,True
2025-07-03T11:48:20.608960,333,4,-32141.0,3159.0,-6695.0,-90.0,-775029.0,-4289.0,-876414.0,-876906.0,15.802199995960109,True
2025-07-03T11:48:20.624979,334,4,-32144.0,3169.0,-6699.0,-80.0,-774483.0,-4291.0,-876406.0,-876924.0,15.965200000209734,True
2025-07-03T11:48:20.640973,335,4,-32114.0,3167.0,-6671.0,-70.0,-776331.0,-4284.0,-876366.0,-876911.0,15.944399994623382,True
2025-07-03T11:48:20.656941,336,4,-32110.0,3144.0,-6670.0,-84.0,-776074.0,-4292.0,-876393.0,-876839.0,15.918999997666106,True
2025-07-03T11:48:20.672867,337,4,-32086.0,3158.0,-6669.0,-77.0,-774268.0,-4268.0,-876403.0,-876861.0,15.87689999723807,True
2025-07-03T11:48:20.688890,338,4,-32135.0,3170.0,-6695.0,-93.0,-773953.0,-4284.0,-876404.0,-876903.0,15.971699998772237,True
2025-07-03T11:48:20.704918,339,4,-32125.0,3183.0,-6690.0,-83.0,-776391.0,-4285.0,-876414.0,-876842.0,15.97829999809619,True
2025-07-03T11:48:20.721023,340,4,-32111.0,3164.0,-6670.0,-71.0,-775061.0,-4274.0,-876422.0,-876947.0,15.993900000466965,True
2025-07-03T11:48:20.736825,341,4,-32122.0,3169.0,-6686.0,-85.0,-774077.0,-4302.0,-876441.0,-876850.0,9.55460000113817,True
2025-07-03T11:48:20.752830,342,4,-32105.0,3161.0,-6668.0,-74.0,-773545.0,-4290.0,-876405.0,-876846.0,15.950900000461843,True
2025-07-03T11:48:20.768767,343,4,-32139.0,3176.0,-6692.0,-89.0,-774184.0,-4289.0,-876466.0,-876960.0,15.88649999757763,True
2025-07-03T11:48:20.784940,344,4,-32144.0,3163.0,-6702.0,-88.0,-774981.0,-4284.0,-876427.0,-876853.0,16.125199996167794,True
2025-07-03T11:48:20.800620,345,4,-32110.0,3168.0,-6673.0,-80.0,-775488.0,-4300.0,-876428.0,-876868.0,15.629399997123983,True
2025-07-03T11:48:20.816588,346,4,-32120.0,3134.0,-6676.0,-90.0,-773632.0,-4297.0,-876508.0,-876932.0,15.918000004603527,True
2025-07-03T11:48:20.833398,347,4,-32091.0,3157.0,-6668.0,-67.0,-773260.0,-4284.0,-876433.0,-876849.0,16.756199998781085,True
2025-07-03T11:48:20.848768,348,4,-32125.0,3167.0,-6679.0,-77.0,-773291.0,-4286.0,-876428.0,-876862.0,15.318999998271465,True
2025-07-03T11:48:20.864695,349,4,-32126.0,3174.0,-6690.0,-85.0,-773545.0,-4287.0,-876469.0,-876881.0,15.876299999945331,True
2025-07-03T11:48:20.880922,350,4,-32119.0,3155.0,-6687.0,-79.0,-771918.0,-4295.0,-876476.0,-876888.0,16.17670000268845,True
2025-07-03T11:48:20.896552,351,4,-32117.0,3179.0,-6680.0,-79.0,-773009.0,-4292.0,-876486.0,-876899.0,9.098800001083873,True
2025-07-03T11:48:20.912520,352,4,-32083.0,3154.0,-6670.0,-77.0,-772988.0,-4273.0,-876394.0,-876902.0,15.912199996819254,True
2025-07-03T11:48:20.928741,353,4,-32132.0,3172.0,-6685.0,-82.0,-773629.0,-4292.0,-876433.0,-876840.0,16.168100002687424,True
2025-07-03T11:48:20.944716,354,4,-32145.0,3174.0,-6705.0,-73.0,-773178.0,-4276.0,-876431.0,-876884.0,15.916399999696296,True
2025-07-03T11:48:20.960441,355,4,-32126.0,3163.0,-6687.0,-82.0,-775326.0,-4288.0,-876524.0,-876901.0,15.6732000032207,True
2025-07-03T11:48:20.976845,356,4,-32136.0,3138.0,-6697.0,-99.0,-773471.0,-4307.0,-876449.0,-876917.0,16.352799997548573,True
2025-07-03T11:48:20.992799,357,4,-32099.0,3155.0,-6676.0,-82.0,-772644.0,-4281.0,-876442.0,-876929.0,15.90089999808697,True
2025-07-03T11:48:21.009316,358,4,-32157.0,3159.0,-6705.0,-82.0,-771312.0,-4279.0,-876397.0,-876879.0,16.45270000153687,True
2025-07-03T11:48:21.026202,359,4,-32128.0,3192.0,-6683.0,-67.0,-773849.0,-4273.0,-876411.0,-876882.0,16.790199995739385,True
2025-07-03T11:48:21.042706,360,4,-32120.0,3168.0,-6673.0,-79.0,-769951.0,-4288.0,-876393.0,-876861.0,16.36519999738084,True
2025-07-03T11:48:21.072349,361,4,-32125.0,3190.0,-6683.0,-65.0,-772025.0,-4277.0,-876419.0,-876939.0,22.810499998740852,True
2025-07-03T11:48:21.088838,362,4,-32140.0,3165.0,-6689.0,-83.0,-771166.0,-4281.0,-876411.0,-876862.0,16.405200003646314,True
2025-07-03T11:48:21.104777,363,4,-32128.0,3179.0,-6683.0,-68.0,-770549.0,-4272.0,-876439.0,-876972.0,15.874100005021319,True
2025-07-03T11:48:21.120334,364,4,-32129.0,3160.0,-6691.0,-87.0,-772388.0,-4294.0,-876391.0,-876877.0,15.419400006067008,True
2025-07-03T11:48:21.136245,365,4,-32127.0,3155.0,-6678.0,-88.0,-772518.0,-4303.0,-876409.0,-876820.0,15.81350000196835,True
2025-07-03T11:48:21.152388,366,4,-32104.0,3151.0,-6672.0,-86.0,-774139.0,-4299.0,-876465.0,-876819.0,16.075600004114676,True
2025-07-03T11:48:21.168420,367,4,-32128.0,3167.0,-6686.0,-77.0,-772320.0,-4286.0,-876433.0,-876885.0,15.9129000021494,True
2025-07-03T11:48:21.184550,368,4,-32122.0,3180.0,-6674.0,-66.0,-773562.0,-4269.0,-876427.0,-876929.0,16.081000001577195,True
2025-07-03T11:48:21.200498,369,4,-32125.0,3164.0,-6683.0,-77.0,-773733.0,-4277.0,-876348.0,-876850.0,15.897500001301523,True
2025-07-03T11:48:21.216381,370,4,-32114.0,3144.0,-6679.0,-91.0,-771993.0,-4299.0,-876432.0,-876897.0,15.83319999917876,True
2025-07-03T11:48:21.231974,371,4,-32118.0,3156.0,-6675.0,-79.0,-771521.0,-4293.0,-876405.0,-876791.0,9.376200003316626,True
2025-07-03T11:48:21.247928,372,4,-32154.0,3162.0,-6697.0,-85.0,-772780.0,-4284.0,-876410.0,-876906.0,15.899300000455696,True
2025-07-03T11:48:21.266206,373,4,-32106.0,3181.0,-6666.0,-60.0,-772182.0,-4274.0,-876422.0,-876912.0,18.172099997173063,True
2025-07-03T11:48:21.281925,374,4,-32128.0,3158.0,-6699.0,-87.0,-773995.0,-4284.0,-876380.0,-876887.0,15.577099999063648,True
2025-07-03T11:48:21.297901,375,4,-32120.0,3160.0,-6668.0,-70.0,-774098.0,-4294.0,-876403.0,-876902.0,15.832799996132962,True
2025-07-03T11:48:21.312605,376,4,-32111.0,3150.0,-6677.0,-87.0,-774493.0,-4298.0,-876436.0,-876843.0,14.594400003261399,True
2025-07-03T11:48:21.327926,377,4,-32141.0,3160.0,-6687.0,-78.0,-774003.0,-4288.0,-876409.0,-876833.0,15.25229999970179,True
2025-07-03T11:48:21.344093,378,4,-32135.0,3163.0,-6694.0,-83.0,-773629.0,-4286.0,-876373.0,-876864.0,16.109799995319918,True
2025-07-03T11:48:21.359857,379,4,-32151.0,3147.0,-6693.0,-86.0,-771587.0,-4289.0,-876445.0,-876848.0,15.707400001701899,True
2025-07-03T11:48:21.375977,380,4,-32119.0,3155.0,-6674.0,-90.0,-772744.0,-4292.0,-876439.0,-876914.0,16.05810000182828,True
2025-07-03T11:48:21.391840,381,4,-32136.0,3151.0,-6675.0,-72.0,-772791.0,-4299.0,-876439.0,-876889.0,9.563899999193382,True
2025-07-03T11:48:21.407855,382,4,-32155.0,3161.0,-6705.0,-84.0,-774243.0,-4295.0,-876404.0,-876881.0,15.937500000291038,True
2025-07-03T11:48:21.423605,383,4,-32135.0,3170.0,-6695.0,-92.0,-771869.0,-4291.0,-876394.0,-876901.0,15.684400001191534,True
2025-07-03T11:48:21.439605,384,4,-32140.0,3158.0,-6688.0,-76.0,-772540.0,-4297.0,-876405.0,-876857.0,15.948600004776381,True
2025-07-03T11:48:21.455911,385,4,-32105.0,3167.0,-6667.0,-67.0,-771885.0,-4289.0,-876404.0,-876876.0,16.25680000142893,True
2025-07-03T11:48:21.471917,386,4,-32113.0,3160.0,-6675.0,-85.0,-774307.0,-4297.0,-876478.0,-876830.0,15.955800001393072,True
2025-07-03T11:48:21.487726,387,4,-32149.0,3178.0,-6688.0,-73.0,-772854.0,-4292.0,-876437.0,-876879.0,15.751599996292498,True
2025-07-03T11:48:21.503752,388,4,-32135.0,3169.0,-6694.0,-73.0,-774288.0,-4293.0,-876417.0,-876859.0,15.9708999999566,True
2025-07-03T11:48:21.520012,389,4,-32153.0,3147.0,-6693.0,-92.0,-773136.0,-4298.0,-876424.0,-876916.0,16.13280000310624,True
2025-07-03T11:48:21.535483,390,4,-32140.0,3131.0,-6677.0,-93.0,-771715.0,-4301.0,-876381.0,-876939.0,15.38770000479417,True
2025-07-03T11:48:21.551446,391,4,-32130.0,3146.0,-6677.0,-74.0,-771431.0,-4295.0,-876415.0,-876921.0,9.501600005023647,True
2025-07-03T11:48:21.567433,392,4,-32146.0,3184.0,-6700.0,-70.0,-772923.0,-4281.0,-876396.0,-876910.0,15.933199996652547,True
2025-07-03T11:48:21.583672,393,4,-32147.0,3171.0,-6693.0,-82.0,-772502.0,-4289.0,-876481.0,-876845.0,16.18869999947492,True
2025-07-03T11:48:21.599333,394,4,-32152.0,3161.0,-6697.0,-93.0,-772974.0,-4292.0,-876402.0,-876917.0,15.613100003974978,True
2025-07-03T11:48:21.615629,395,4,-32127.0,3156.0,-6672.0,-71.0,-772928.0,-4288.0,-876374.0,-876868.0,16.24670000455808,True
2025-07-03T11:48:21.631280,396,4,-32113.0,3161.0,-6679.0,-75.0,-772299.0,-4285.0,-876402.0,-876867.0,15.602500003296882,True
2025-07-03T11:48:21.647822,397,4,-32132.0,3189.0,-6687.0,-69.0,-773123.0,-4290.0,-876398.0,-876939.0,16.490599999087863,True
2025-07-03T11:48:21.664183,398,4,-32128.0,3185.0,-6684.0,-69.0,-772719.0,-4279.0,-876393.0,-876849.0,16.296499998134095,True
2025-07-03T11:48:21.680837,399,4,-32137.0,3168.0,-6693.0,-89.0,-770910.0,-4295.0,-876403.0,-876908.0,16.557800001464784,True
2025-07-03T11:48:21.697913,400,4,-32157.0,3130.0,-6690.0,-96.0,-772067.0,-4307.0,-876359.0,-876901.0,16.935100000409875,True
2025-07-03T11:48:21.727081,401,4,-32142.0,3168.0,-6693.0,-88.0,-772137.0,-4296.0,-876435.0,-876863.0,20.85600000282284,True
2025-07-03T11:48:21.743390,402,4,-32152.0,3172.0,-6696.0,-71.0,-774039.0,-4279.0,-876439.0,-876903.0,16.24959999753628,True
2025-07-03T11:48:21.759147,403,4,-32152.0,3160.0,-6685.0,-83.0,-773082.0,-4316.0,-876405.0,-876939.0,15.705300000263378,True
2025-07-03T11:48:21.775289,404,4,-32151.0,3126.0,-6684.0,-99.0,-772321.0,-4301.0,-876471.0,-876888.0,16.087600000901148,True
2025-07-03T11:48:21.791352,405,4,-32131.0,3147.0,-6681.0,-79.0,-773553.0,-4287.0,-876348.0,-876893.0,16.010400002414826,True
2025-07-03T11:48:21.807729,406,4,-32155.0,3180.0,-6690.0,-62.0,-772991.0,-4266.0,-876416.0,-876883.0,16.312600004312117,True
2025-07-03T11:48:21.823967,407,4,-32132.0,3180.0,-6688.0,-69.0,-773014.0,-4281.0,-876394.0,-876961.0,16.152800002600998,True
2025-07-03T11:48:21.839891,408,4,-32151.0,3159.0,-6686.0,-78.0,-771618.0,-4299.0,-876349.0,-876890.0,15.828499999770429,True
2025-07-03T11:48:21.855552,409,4,-32141.0,3136.0,-6687.0,-99.0,-772055.0,-4308.0,-876319.0,-876894.0,15.576699996017851,True
2025-07-03T11:48:21.871449,410,4,-32121.0,3158.0,-6675.0,-74.0,-771228.0,-4293.0,-876388.0,-876904.0,15.828999996301718,True
2025-07-03T11:48:21.887076,411,4,-32137.0,3134.0,-6686.0,-94.0,-772186.0,-4301.0,-876423.0,-876936.0,8.665299996209797,True
2025-07-03T11:48:21.902846,412,4,-32158.0,3167.0,-6696.0,-68.0,-771782.0,-4285.0,-876327.0,-876910.0,15.717100002802908,True
2025-07-03T11:48:21.918999,413,4,-32147.0,3157.0,-6689.0,-82.0,-772810.0,-4299.0,-876370.0,-876880.0,16.095299994049128,True
2025-07-03T11:48:21.935297,414,4,-32133.0,3139.0,-6684.0,-90.0,-772024.0,-4317.0,-876408.0,-876948.0,16.225699997448828,True
2025-07-03T11:48:21.951341,415,4,-32132.0,3143.0,-6691.0,-92.0,-772006.0,-4299.0,-876486.0,-876879.0,15.963400001055561,True
2025-07-03T11:48:21.967298,416,4,-32154.0,3183.0,-6690.0,-67.0,-773578.0,-4282.0,-876363.0,-876933.0,15.884499996900558,True
2025-07-03T11:48:21.983220,417,4,-32152.0,3167.0,-6691.0,-75.0,-772700.0,-4276.0,-876390.0,-876875.0,15.850700001465157,True
2025-07-03T11:48:21.999154,418,4,-32143.0,3165.0,-6681.0,-69.0,-773967.0,-4293.0,-876349.0,-876854.0,15.859200000704732,True
2025-07-03T11:48:22.022813,419,4,-32146.0,3134.0,-6684.0,-101.0,-772560.0,-4314.0,-876423.0,-876978.0,23.593700003402773,True
2025-07-03T11:48:22.038892,420,4,-32148.0,3157.0,-6685.0,-82.0,-772834.0,-4299.0,-876412.0,-876882.0,16.022700001485646,True
2025-07-03T11:48:22.054534,421,4,-32146.0,3165.0,-6697.0,-84.0,-771647.0,-4286.0,-876426.0,-876861.0,8.613099998910911,True
2025-07-03T11:48:22.070570,422,4,-32132.0,3162.0,-6688.0,-85.0,-771060.0,-4278.0,-876453.0,-876868.0,15.986500002327375,True
2025-07-03T11:48:22.086977,423,4,-32176.0,3175.0,-6709.0,-88.0,-770388.0,-4278.0,-876461.0,-876923.0,16.352599996025674,True
2025-07-03T11:48:22.103291,424,4,-32141.0,3165.0,-6695.0,-83.0,-772251.0,-4285.0,-876408.0,-876855.0,16.243000005488284,True
2025-07-03T11:48:22.120298,425,4,-32126.0,3171.0,-6680.0,-69.0,-773433.0,-4292.0,-876472.0,-876886.0,16.873900000064168,True
2025-07-03T11:48:22.136311,426,4,-32131.0,3147.0,-6674.0,-80.0,-770997.0,-4289.0,-876314.0,-876902.0,15.887100002146326,True
2025-07-03T11:48:22.150407,427,4,-32127.0,3156.0,-6673.0,-80.0,-771976.0,-4294.0,-876469.0,-876917.0,14.023800002178177,True
2025-07-03T11:48:22.166404,428,4,-32170.0,3172.0,-6703.0,-79.0,-771328.0,-4281.0,-876398.0,-876835.0,15.945299994200468,True
2025-07-03T11:48:22.182336,429,4,-32139.0,3169.0,-6689.0,-71.0,-770090.0,-4275.0,-876414.0,-876859.0,15.882700005022343,True
2025-07-03T11:48:22.198341,430,4,-32141.0,3158.0,-6683.0,-72.0,-772659.0,-4292.0,-876411.0,-876809.0,15.947699997923337,True
2025-07-03T11:48:22.214298,431,4,-32150.0,3149.0,-6701.0,-91.0,-772692.0,-4296.0,-876481.0,-876858.0,9.10680000379216,True
2025-07-03T11:48:22.230925,432,4,-32131.0,3163.0,-6676.0,-72.0,-773687.0,-4288.0,-876443.0,-876979.0,16.555700000026263,True
2025-07-03T11:48:22.246538,433,4,-32167.0,3173.0,-6701.0,-73.0,-772456.0,-4279.0,-876360.0,-876872.0,15.560800005914643,True
2025-07-03T11:48:22.262639,434,4,-32147.0,3148.0,-6702.0,-91.0,-770938.0,-4290.0,-876356.0,-876913.0,16.042799994465895,True
2025-07-03T11:48:22.278705,435,4,-32140.0,3144.0,-6691.0,-94.0,-770548.0,-4291.0,-876458.0,-876852.0,16.005999998014886,True
2025-07-03T11:48:22.294857,436,4,-32107.0,3142.0,-6684.0,-91.0,-770936.0,-4294.0,-876409.0,-876852.0,16.088200005469844,True
2025-07-03T11:48:22.311860,437,4,-32092.0,3185.0,-6656.0,-61.0,-769996.0,-4271.0,-876382.0,-876840.0,16.8995000058203,True
2025-07-03T11:48:22.328791,438,4,-32143.0,3177.0,-6691.0,-69.0,-771696.0,-4283.0,-876402.0,-876904.0,16.794600000139326,True
2025-07-03T11:48:22.344543,439,4,-32122.0,3199.0,-6679.0,-58.0,-771232.0,-4281.0,-876423.0,-876847.0,15.607299996190704,True
2025-07-03T11:48:22.360492,440,4,-32140.0,3142.0,-6696.0,-95.0,-770910.0,-4299.0,-876429.0,-876947.0,15.80899999680696,True
2025-07-03T11:48:22.389728,441,4,-32122.0,3189.0,-6678.0,-57.0,-771373.0,-4271.0,-876402.0,-876802.0,22.178600003826432,True
2025-07-03T11:48:22.406261,442,4,-32150.0,3178.0,-6692.0,-78.0,-771261.0,-4277.0,-876384.0,-876951.0,16.482899998663925,True
2025-07-03T11:48:22.422440,443,4,-32129.0,3170.0,-6685.0,-77.0,-771995.0,-4290.0,-876414.0,-876903.0,16.124200003105216,True
2025-07-03T11:48:22.438907,444,4,-32130.0,3158.0,-6676.0,-87.0,-770956.0,-4304.0,-876353.0,-876816.0,16.395599996030796,True
2025-07-03T11:48:22.456076,445,4,-32122.0,3141.0,-6683.0,-92.0,-771474.0,-4294.0,-876373.0,-876917.0,17.048900001100264,True
2025-07-03T11:48:22.472282,446,4,-32113.0,3152.0,-6678.0,-84.0,-770812.0,-4286.0,-876423.0,-876864.0,16.067699994891882,True
2025-07-03T11:48:22.488322,447,4,-32130.0,3176.0,-6677.0,-53.0,-770864.0,-4266.0,-876380.0,-876925.0,15.899400001217145,True
2025-07-03T11:48:22.504127,448,4,-32131.0,3187.0,-6692.0,-69.0,-771585.0,-4274.0,-876452.0,-876939.0,15.664500002458226,True
2025-07-03T11:48:22.520198,449,4,-32135.0,3157.0,-6687.0,-81.0,-770937.0,-4303.0,-876314.0,-876818.0,15.929100001812913,True
2025-07-03T11:48:22.533910,450,4,-32124.0,3151.0,-6672.0,-87.0,-772415.0,-4319.0,-876398.0,-876914.0,13.628400003653951,True
2025-07-03T11:48:22.549738,451,4,-32137.0,3142.0,-6685.0,-95.0,-771957.0,-4317.0,-876355.0,-876903.0,8.663200002047233,True
2025-07-03T11:48:22.565708,452,4,-32123.0,3209.0,-6670.0,-54.0,-772503.0,-4287.0,-876478.0,-876868.0,15.921500002150424,True
2025-07-03T11:48:22.581620,453,4,-32124.0,3175.0,-6684.0,-73.0,-771484.0,-4292.0,-876399.0,-876965.0,15.862599997490179,True
2025-07-03T11:48:22.597692,454,4,-32140.0,3141.0,-6680.0,-93.0,-770279.0,-4313.0,-876389.0,-876902.0,16.020499999285676,True
2025-07-03T11:48:22.620835,455,4,-32121.0,3137.0,-6674.0,-102.0,-769069.0,-4313.0,-876457.0,-876808.0,22.98999999766238,True
2025-07-03T11:48:22.636988,456,4,-32116.0,3158.0,-6675.0,-86.0,-772615.0,-4304.0,-876301.0,-876813.0,16.05820000258973,True
2025-07-03T11:48:22.659824,457,4,-32120.0,3127.0,-6693.0,-102.0,-772780.0,-4308.0,-876355.0,-876881.0,22.775599994929507,True
2025-07-03T11:48:22.675892,458,4,-32116.0,3153.0,-6666.0,-75.0,-773339.0,-4310.0,-876345.0,-876946.0,15.998200004105456,True
2025-07-03T11:48:22.691846,459,4,-32126.0,3149.0,-6679.0,-93.0,-772406.0,-4299.0,-876366.0,-876849.0,15.90330000180984,True
2025-07-03T11:48:22.707841,460,4,-32158.0,3173.0,-6704.0,-83.0,-772941.0,-4277.0,-876511.0,-876868.0,15.944800004945137,True
2025-07-03T11:48:22.723533,461,4,-32130.0,3162.0,-6694.0,-90.0,-769201.0,-4294.0,-876420.0,-876839.0,8.742800004256424,True
2025-07-03T11:48:22.739376,462,4,-32134.0,3164.0,-6675.0,-84.0,-770956.0,-4297.0,-876340.0,-876898.0,15.790600002219435,True
2025-07-03T11:48:22.755720,463,4,-32133.0,3183.0,-6676.0,-36.0,-770294.0,-4232.0,-876500.0,-876920.0,16.291100000671577,True
2025-07-03T11:48:22.772085,464,4,-32132.0,3189.0,-6692.0,-31.0,-770128.0,-4212.0,-876411.0,-876945.0,16.298900001856964,True
2025-07-03T11:48:22.789039,465,4,-32150.0,3220.0,-6692.0,-12.0,-769880.0,-4185.0,-876336.0,-876848.0,16.83010000124341,True
2025-07-03T11:48:22.803765,466,4,-32165.0,3221.0,-6701.0,-17.0,-769597.0,-4182.0,-876386.0,-876937.0,14.63339999463642,True
2025-07-03T11:48:22.819577,467,4,-32116.0,3214.0,-6673.0,-23.0,-769181.0,-4208.0,-876375.0,-876869.0,15.750599995953962,True
2025-07-03T11:48:22.835270,468,4,-32139.0,3185.0,-6679.0,-24.0,-769554.0,-4206.0,-876418.0,-876842.0,15.63719999830937,True
2025-07-03T11:48:22.851217,469,4,-32124.0,3161.0,-6681.0,-77.0,-770118.0,-4277.0,-876381.0,-876869.0,15.894600001047365,True
2025-07-03T11:48:22.867604,470,4,-32140.0,3192.0,-6684.0,-70.0,-771654.0,-4272.0,-876381.0,-876848.0,16.335200001776684,True
2025-07-03T11:48:22.883291,471,4,-32115.0,3182.0,-6684.0,-73.0,-771867.0,-4287.0,-876406.0,-876867.0,9.057700000994373,True
2025-07-03T11:48:22.899236,472,4,-32135.0,3155.0,-6685.0,-88.0,-772914.0,-4292.0,-876455.0,-876927.0,15.889000002061948,True
2025-07-03T11:48:22.915573,473,4,-32124.0,3145.0,-6674.0,-82.0,-771178.0,-4291.0,-876349.0,-876907.0,16.279700001177844,True
2025-07-03T11:48:22.931496,474,4,-32111.0,3158.0,-6682.0,-84.0,-771354.0,-4289.0,-876392.0,-876843.0,15.85940000222763,True
2025-07-03T11:48:22.948311,475,4,-32145.0,3170.0,-6694.0,-73.0,-771238.0,-4285.0,-876423.0,-876816.0,16.741799998271745,True
2025-07-03T11:48:22.963996,476,4,-32144.0,3173.0,-6699.0,-80.0,-770812.0,-4291.0,-876433.0,-876874.0,15.609100002620835,True
2025-07-03T11:48:22.990522,477,4,-32127.0,3151.0,-6687.0,-103.0,-772054.0,-4299.0,-876462.0,-876914.0,26.39859999908367,True
2025-07-03T11:48:23.006286,478,4,-32147.0,3186.0,-6688.0,-72.0,-770198.0,-4281.0,-876443.0,-876877.0,15.615999996953178,True
2025-07-03T11:48:23.022594,479,4,-32143.0,3161.0,-6698.0,-91.0,-771545.0,-4292.0,-876368.0,-876899.0,16.154499993717764,True
2025-07-03T11:48:23.038304,480,4,-32128.0,3162.0,-6679.0,-86.0,-771847.0,-4299.0,-876462.0,-876886.0,15.619799996784423,True
2025-07-03T11:48:23.067797,481,4,-32154.0,3177.0,-6683.0,-74.0,-773589.0,-4275.0,-876347.0,-876884.0,17.899800004670396,True
2025-07-03T11:48:23.084235,482,4,-32137.0,3181.0,-6689.0,-74.0,-774146.0,-4289.0,-876466.0,-876929.0,16.38650000677444,True
2025-07-03T11:48:23.108470,483,4,-32149.0,3144.0,-6691.0,-102.0,-774497.0,-4309.0,-876388.0,-876872.0,24.171700002625585,True
2025-07-03T11:48:23.125366,484,4,-32147.0,3174.0,-6691.0,-80.0,-771383.0,-4293.0,-876393.0,-876842.0,16.799199998786207,True
2025-07-03T11:48:23.142492,485,4,-32135.0,3172.0,-6679.0,-76.0,-770992.0,-4288.0,-876443.0,-876935.0,16.993899997032713,True
2025-07-03T11:48:23.158468,486,4,-32144.0,3141.0,-6683.0,-96.0,-770763.0,-4313.0,-876398.0,-876896.0,15.784100003656931,True
2025-07-03T11:48:23.174268,487,4,-32123.0,3142.0,-6678.0,-91.0,-771704.0,-4297.0,-876430.0,-876880.0,15.644399994926061,True
2025-07-03T11:48:23.189484,488,4,-32125.0,3157.0,-6669.0,-65.0,-773029.0,-4274.0,-876466.0,-876809.0,15.09259999875212,True
2025-07-03T11:48:23.204030,489,4,-32132.0,3209.0,-6666.0,-56.0,-773395.0,-4280.0,-876409.0,-876874.0,14.47570000163978,True
2025-07-03T11:48:23.219806,490,4,-32131.0,3154.0,-6675.0,-78.0,-770538.0,-4308.0,-876436.0,-876902.0,15.72650000161957,True
2025-07-03T11:48:23.251422,491,4,-32149.0,3186.0,-6681.0,-63.0,-771227.0,-4277.0,-876400.0,-876898.0,20.767400004842784,True
2025-07-03T11:48:23.267591,492,4,-32160.0,3179.0,-6676.0,-65.0,-771461.0,-4286.0,-876383.0,-876876.0,16.119400002935436,True
2025-07-03T11:48:23.284009,493,4,-32136.0,3187.0,-6677.0,-75.0,-771727.0,-4291.0,-876356.0,-876906.0,16.36230000440264,True
2025-07-03T11:48:23.300386,494,4,-32138.0,3139.0,-6682.0,-87.0,-770738.0,-4326.0,-876443.0,-876889.0,16.30789999762783,True
2025-07-03T11:48:23.317687,495,4,-32130.0,3154.0,-6675.0,-77.0,-771890.0,-4306.0,-876375.0,-876872.0,17.189599995617755,True
2025-07-03T11:48:23.333771,496,4,-32118.0,3135.0,-6680.0,-97.0,-772722.0,-4304.0,-876361.0,-876905.0,15.940999997837935,True
2025-07-03T11:48:23.347864,497,4,-32122.0,3179.0,-6680.0,-65.0,-774081.0,-4275.0,-876392.0,-876917.0,14.00419999845326,True
2025-07-03T11:48:23.364129,498,4,-32145.0,3191.0,-6688.0,-63.0,-773247.0,-4280.0,-876481.0,-876901.0,16.209499997785315,True
2025-07-03T11:48:23.379764,499,4,-32129.0,3165.0,-6680.0,-78.0,-772308.0,-4289.0,-876303.0,-876869.0,15.576999998302199,True
2025-07-03T11:48:23.395924,500,4,-32143.0,3149.0,-6690.0,-89.0,-771030.0,-4300.0,-876389.0,-876893.0,16.102000001410488,True
2025-07-03T11:48:23.411319,501,4,-32154.0,3148.0,-6689.0,-90.0,-770617.0,-4312.0,-876398.0,-876868.0,9.364199999254197,True
2025-07-03T11:48:23.427348,502,4,-32168.0,3161.0,-6703.0,-80.0,-769473.0,-4291.0,-876460.0,-876856.0,15.979700001480523,True
2025-07-03T11:48:23.443653,503,4,-32141.0,3198.0,-6685.0,-57.0,-773445.0,-4280.0,-876416.0,-876857.0,16.25390000117477,True
2025-07-03T11:48:23.459443,504,4,-32136.0,3151.0,-6686.0,-93.0,-772465.0,-4304.0,-876390.0,-876816.0,15.7314000025508,True
2025-07-03T11:48:23.475367,505,4,-32113.0,3167.0,-6668.0,-75.0,-770500.0,-4297.0,-876365.0,-876842.0,15.865400004258845,True
2025-07-03T11:48:23.491176,506,4,-32107.0,3174.0,-6669.0,-75.0,-771010.0,-4285.0,-876338.0,-876880.0,15.757100001792423,True
2025-07-03T11:48:23.507529,507,4,-32159.0,3163.0,-6694.0,-90.0,-771907.0,-4286.0,-876339.0,-876886.0,16.291699997964315,True
2025-07-03T11:48:23.523620,508,4,-32126.0,3172.0,-6678.0,-65.0,-772873.0,-4282.0,-876329.0,-876918.0,16.04070000030333,True
2025-07-03T11:48:23.539620,509,4,-32127.0,3154.0,-6678.0,-86.0,-772457.0,-4296.0,-876338.0,-876864.0,15.946900006383657,True
2025-07-03T11:48:23.555707,510,4,-32119.0,3163.0,-6661.0,-72.0,-771602.0,-4300.0,-876414.0,-876864.0,16.028199999709614,True
2025-07-03T11:48:23.571599,511,4,-32142.0,3151.0,-6677.0,-80.0,-772398.0,-4299.0,-876391.0,-876841.0,10.058599997137208,True
2025-07-03T11:48:23.586991,512,4,-32147.0,3174.0,-6690.0,-78.0,-772501.0,-4288.0,-876430.0,-876809.0,15.333800001826603,True
2025-07-03T11:48:23.605356,513,4,-32138.0,3172.0,-6684.0,-83.0,-772861.0,-4291.0,-876417.0,-876935.0,18.24540000234265,True
2025-07-03T11:48:23.621411,514,4,-32125.0,3166.0,-6680.0,-79.0,-772613.0,-4290.0,-876419.0,-876878.0,15.913699993689079,True
2025-07-03T11:48:23.637309,515,4,-32127.0,3159.0,-6667.0,-75.0,-771973.0,-4282.0,-876338.0,-876894.0,15.756499997223727,True
2025-07-03T11:48:23.653544,516,4,-32103.0,3165.0,-6657.0,-67.0,-771867.0,-4289.0,-876340.0,-876950.0,16.07559999683872,True
2025-07-03T11:48:23.669493,517,4,-32137.0,3178.0,-6683.0,-66.0,-773073.0,-4284.0,-876407.0,-876872.0,15.79170000331942,True
2025-07-03T11:48:23.683259,518,4,-32148.0,3178.0,-6686.0,-78.0,-770530.0,-4283.0,-876388.0,-876887.0,13.680500000191387,True
2025-07-03T11:48:23.699149,519,4,-32144.0,3143.0,-6690.0,-94.0,-771127.0,-4299.0,-876388.0,-876863.0,15.827499999431893,True
2025-07-03T11:48:23.716030,520,4,-32123.0,3150.0,-6667.0,-81.0,-772653.0,-4307.0,-876335.0,-876932.0,16.80159999523312,True
2025-07-03T11:48:23.731043,521,4,-32116.0,3160.0,-6664.0,-69.0,-769510.0,-4299.0,-876397.0,-876870.0,9.274599993659649,True
2025-07-03T11:48:23.746664,522,4,-32143.0,3166.0,-6691.0,-84.0,-770000.0,-4301.0,-876388.0,-876844.0,15.567399997962639,True
2025-07-03T11:48:23.762974,523,4,-32121.0,3178.0,-6693.0,-79.0,-770989.0,-4293.0,-876335.0,-876841.0,16.25919999787584,True
2025-07-03T11:48:23.779092,524,4,-32123.0,3158.0,-6675.0,-83.0,-771204.0,-4301.0,-876384.0,-876883.0,16.059199995652307,True
2025-07-03T11:48:23.796173,525,4,-32122.0,3149.0,-6678.0,-90.0,-771116.0,-4302.0,-876384.0,-876872.0,16.99219999863999,True
2025-07-03T11:48:23.812620,526,4,-32096.0,3141.0,-6665.0,-78.0,-770839.0,-4295.0,-876353.0,-876895.0,16.308599995682016,True
2025-07-03T11:48:23.826817,527,4,-32129.0,3171.0,-6681.0,-69.0,-770794.0,-4278.0,-876405.0,-876948.0,14.106200003880076,True
2025-07-03T11:48:23.842446,528,4,-32131.0,3169.0,-6693.0,-75.0,-772082.0,-4284.0,-876367.0,-876963.0,15.556099999230355,True
2025-07-03T11:48:23.858474,529,4,-32136.0,3149.0,-6687.0,-82.0,-770597.0,-4302.0,-876372.0,-876846.0,15.977100003510714,True
2025-07-03T11:48:23.874970,530,4,-32114.0,3148.0,-6670.0,-85.0,-770995.0,-4299.0,-876485.0,-876923.0,16.44230000238167,True
2025-07-03T11:48:23.890792,531,4,-32126.0,3146.0,-6673.0,-84.0,-770483.0,-4309.0,-876441.0,-876893.0,10.04260000627255,True
2025-07-03T11:48:23.906454,532,4,-32102.0,3209.0,-6659.0,-43.0,-770199.0,-4273.0,-876335.0,-876843.0,15.606200002366677,True
2025-07-03T11:48:23.922538,533,4,-32119.0,3173.0,-6676.0,-72.0,-770169.0,-4300.0,-876437.0,-876837.0,16.03160000377102,True
2025-07-03T11:48:23.938536,534,4,-32118.0,3158.0,-6670.0,-77.0,-769585.0,-4311.0,-876448.0,-876810.0,15.938299999106675,True
2025-07-03T11:48:23.954890,535,4,-32109.0,3146.0,-6667.0,-86.0,-770860.0,-4303.0,-876457.0,-876831.0,16.29739999771118,True
2025-07-03T11:48:23.970500,536,4,-32120.0,3158.0,-6678.0,-80.0,-772785.0,-4276.0,-876430.0,-876898.0,15.551199998299126,True
2025-07-03T11:48:23.986894,537,4,-32131.0,3184.0,-6676.0,-67.0,-773205.0,-4274.0,-876406.0,-876900.0,16.334799998730887,True
2025-07-03T11:48:24.003365,538,4,-32122.0,3173.0,-6683.0,-77.0,-770755.0,-4281.0,-876352.0,-876922.0,16.39860000432236,True
2025-07-03T11:48:24.020098,539,4,-32110.0,3176.0,-6668.0,-65.0,-773184.0,-4291.0,-876328.0,-876921.0,16.632400001981296,True
2025-07-03T11:48:24.036708,540,4,-32117.0,3144.0,-6671.0,-88.0,-774232.0,-4305.0,-876392.0,-876851.0,16.473399999085814,True
2025-07-03T11:48:24.052249,541,4,-32105.0,3176.0,-6664.0,-65.0,-774750.0,-4295.0,-876357.0,-876915.0,9.334800000942778,True
2025-07-03T11:48:24.067334,542,4,-32122.0,3158.0,-6680.0,-74.0,-773331.0,-4287.0,-876457.0,-876859.0,14.977699996961746,True
2025-07-03T11:48:24.082673,543,4,-32120.0,3171.0,-6682.0,-77.0,-773254.0,-4277.0,-876362.0,-876872.0,15.255700003763195,True
2025-07-03T11:48:24.098969,544,4,-32112.0,3162.0,-6674.0,-79.0,-772514.0,-4297.0,-876488.0,-876845.0,16.222099999140482,True
2025-07-03T11:48:24.115422,545,4,-32115.0,3146.0,-6681.0,-91.0,-776669.0,-4302.0,-876340.0,-876920.0,16.364800001611002,True
2025-07-03T11:48:24.132550,546,4,-32103.0,3159.0,-6674.0,-83.0,-775148.0,-4302.0,-876463.0,-876893.0,16.996599995763972,True
2025-07-03T11:48:24.148736,547,4,-32135.0,3168.0,-6688.0,-70.0,-774706.0,-4290.0,-876396.0,-876871.0,16.008300000976305,True
2025-07-03T11:48:24.164717,548,4,-32128.0,3176.0,-6687.0,-71.0,-773291.0,-4279.0,-876387.0,-876851.0,15.826700000616256,True
2025-07-03T11:48:24.180464,549,4,-32090.0,3180.0,-6656.0,-60.0,-773650.0,-4279.0,-876457.0,-876913.0,15.59599999745842,True
2025-07-03T11:48:24.194105,550,4,-32120.0,3140.0,-6681.0,-92.0,-773130.0,-4314.0,-876382.0,-876895.0,13.537500002712477,True
2025-07-03T11:48:24.210241,551,4,-32103.0,3158.0,-6670.0,-77.0,-773218.0,-4295.0,-876321.0,-876776.0,10.099600003741216,True
2025-07-03T11:48:24.226751,552,4,-32133.0,3165.0,-6683.0,-75.0,-773500.0,-4285.0,-876449.0,-876887.0,16.434000004664995,True
2025-07-03T11:48:24.241931,553,4,-32116.0,3171.0,-6684.0,-76.0,-772988.0,-4277.0,-876379.0,-876854.0,15.118400006031152,True
2025-07-03T11:48:24.257881,554,4,-32110.0,3156.0,-6667.0,-68.0,-773436.0,-4291.0,-876357.0,-876890.0,15.898199999355711,True
2025-07-03T11:48:24.274044,555,4,-32100.0,3152.0,-6671.0,-84.0,-774329.0,-4288.0,-876365.0,-876948.0,16.112899997096974,True
2025-07-03T11:48:24.290297,556,4,-32105.0,3160.0,-6678.0,-76.0,-773725.0,-4289.0,-876361.0,-876905.0,16.19600000412902,True
2025-07-03T11:48:24.306376,557,4,-32127.0,3180.0,-6683.0,-62.0,-772806.0,-4273.0,-876342.0,-876846.0,16.006699996069074,True
2025-07-03T11:48:24.323970,558,4,-32110.0,3166.0,-6686.0,-82.0,-770558.0,-4284.0,-876376.0,-876899.0,17.476200002420228,True
2025-07-03T11:48:24.340327,559,4,-32107.0,3162.0,-6668.0,-74.0,-773245.0,-4284.0,-876409.0,-876767.0,16.209600005822722,True
2025-07-03T11:48:24.356295,560,4,-32107.0,3145.0,-6668.0,-77.0,-771878.0,-4301.0,-876359.0,-876839.0,15.817100000276696,True
2025-07-03T11:48:24.385476,561,4,-32096.0,3169.0,-6661.0,-62.0,-772022.0,-4280.0,-876409.0,-876901.0,22.795499993662816,True
2025-07-03T11:48:24.401482,562,4,-32113.0,3164.0,-6685.0,-82.0,-771397.0,-4282.0,-876333.0,-876943.0,15.931500005535781,True
2025-07-03T11:48:24.417819,563,4,-32104.0,3150.0,-6676.0,-83.0,-772662.0,-4283.0,-876365.0,-876941.0,16.288799997710157,True
2025-07-03T11:48:24.433845,564,4,-32094.0,3153.0,-6665.0,-74.0,-773084.0,-4292.0,-876322.0,-876930.0,15.975599999364931,True
2025-07-03T11:48:24.450043,565,4,-32104.0,3162.0,-6674.0,-75.0,-771967.0,-4273.0,-876406.0,-876846.0,16.138799997861497,True
2025-07-03T11:48:24.466808,566,4,-32126.0,3165.0,-6688.0,-76.0,-773047.0,-4283.0,-876387.0,-876880.0,16.68460000655614,True
2025-07-03T11:48:24.483798,567,4,-32100.0,3173.0,-6688.0,-90.0,-773726.0,-4287.0,-876410.0,-876874.0,16.86199999676319,True
2025-07-03T11:48:24.497637,568,4,-32103.0,3164.0,-6680.0,-81.0,-773114.0,-4297.0,-876429.0,-876906.0,13.750400001299568,True
2025-07-03T11:48:24.513646,569,4,-32094.0,3143.0,-6674.0,-81.0,-773824.0,-4285.0,-876363.0,-876859.0,15.9609000038472,True
2025-07-03T11:48:24.529699,570,4,-32099.0,3163.0,-6672.0,-69.0,-771947.0,-4277.0,-876381.0,-876904.0,16.001100004359614,True
2025-07-03T11:48:24.545673,571,4,-32102.0,3189.0,-6672.0,-55.0,-772456.0,-4278.0,-876399.0,-876939.0,14.19490000262158,True
2025-07-03T11:48:24.561859,572,4,-32097.0,3174.0,-6675.0,-80.0,-771419.0,-4295.0,-876412.0,-876895.0,16.121499997098,True
2025-07-03T11:48:24.578035,573,4,-32120.0,3136.0,-6677.0,-92.0,-772282.0,-4292.0,-876404.0,-876889.0,16.108099996927194,True
2025-07-03T11:48:24.594834,574,4,-32095.0,3139.0,-6668.0,-86.0,-772257.0,-4294.0,-876447.0,-876868.0,16.707100003259256,True
2025-07-03T11:48:24.611523,575,4,-32088.0,3149.0,-6672.0,-72.0,-771481.0,-4292.0,-876313.0,-876838.0,16.561800002818927,True
2025-07-03T11:48:24.627728,576,4,-32122.0,3174.0,-6684.0,-71.0,-773405.0,-4275.0,-876361.0,-876835.0,16.063900002336595,True
2025-07-03T11:48:24.643558,577,4,-32107.0,3188.0,-6677.0,-69.0,-771012.0,-4286.0,-876404.0,-876849.0,15.669100001105107,True
2025-07-03T11:48:24.659952,578,4,-32127.0,3151.0,-6687.0,-82.0,-772987.0,-4307.0,-876323.0,-876838.0,16.250599997874815,True
2025-07-03T11:48:24.686859,579,4,-32119.0,3130.0,-6679.0,-103.0,-771218.0,-4308.0,-876378.0,-876871.0,26.761499997519422,True
2025-07-03T11:48:24.702670,580,4,-32109.0,3162.0,-6686.0,-76.0,-769617.0,-4287.0,-876461.0,-876864.0,15.660299999581184,True
2025-07-03T11:48:24.732290,581,4,-32115.0,3201.0,-6682.0,-52.0,-769378.0,-4260.0,-876383.0,-876918.0,23.28930000658147,True
2025-07-03T11:48:24.749189,582,4,-32124.0,3165.0,-6669.0,-70.0,-770351.0,-4290.0,-876430.0,-876887.0,16.81970000208821,True
2025-07-03T11:48:24.764277,583,4,-32111.0,3195.0,-6676.0,-45.0,-770307.0,-4271.0,-876378.0,-876810.0,15.030300004582386,True
2025-07-03T11:48:24.780046,584,4,-32111.0,3165.0,-6670.0,-62.0,-770367.0,-4279.0,-876369.0,-876812.0,15.717599999334197,True
2025-07-03T11:48:24.796563,585,4,-32103.0,3152.0,-6673.0,-94.0,-770410.0,-4305.0,-876398.0,-876788.0,16.44980000128271,True
2025-07-03T11:48:24.813076,586,4,-32086.0,3144.0,-6677.0,-94.0,-771992.0,-4294.0,-876427.0,-876925.0,16.42339999671094,True
2025-07-03T11:48:24.830583,587,4,-32113.0,3148.0,-6684.0,-83.0,-771548.0,-4295.0,-876402.0,-876891.0,17.37140000477666,True
2025-07-03T11:48:24.845908,588,4,-32111.0,3191.0,-6680.0,-56.0,-770858.0,-4270.0,-876376.0,-876862.0,15.17500000045402,True
2025-07-03T11:48:24.861952,589,4,-32109.0,3178.0,-6680.0,-64.0,-771124.0,-4275.0,-876451.0,-876820.0,15.903199993772432,True
2025-07-03T11:48:24.876290,590,4,-32113.0,3170.0,-6669.0,-66.0,-770815.0,-4278.0,-876364.0,-876905.0,14.239299998735078,True
2025-07-03T11:48:24.891721,591,4,-32118.0,3155.0,-6675.0,-72.0,-769759.0,-4297.0,-876347.0,-876853.0,9.535400000459049,True
2025-07-03T11:48:24.909903,592,4,-32125.0,3179.0,-6687.0,-67.0,-770039.0,-4267.0,-876364.0,-876894.0,18.05900000181282,True
2025-07-03T11:48:24.925872,593,4,-32133.0,3180.0,-6690.0,-72.0,-768403.0,-4271.0,-876352.0,-876853.0,15.825900001800619,True
2025-07-03T11:48:24.940853,594,4,-32113.0,3171.0,-6682.0,-70.0,-770640.0,-4279.0,-876375.0,-876812.0,14.835699999821372,True
2025-07-03T11:48:24.956707,595,4,-32106.0,3148.0,-6672.0,-89.0,-770956.0,-4308.0,-876301.0,-876819.0,15.75089999823831,True
2025-07-03T11:48:24.972635,596,4,-32103.0,3145.0,-6677.0,-86.0,-770055.0,-4290.0,-876356.0,-876845.0,15.84279999951832,True
