frequence_Hz,phase_deg,VPP_CH3,VPP_CH4,transfer_function,timestamp
100.0,-107.6,27.2,27.69,1.018014705882353,2025-06-26 19:53:36
100.9,-107.7,27.21,27.69,1.017640573318633,2025-06-26 19:54:52
101.9,-107.6,27.21,27.68,1.0172730613744947,2025-06-26 19:56:07
102.8,-107.7,27.26,27.68,1.0154071900220103,2025-06-26 19:57:22
103.8,-107.9,27.22,27.69,1.0172667156502573,2025-06-26 19:58:37
104.7,-108.0,27.26,27.68,1.0154071900220103,2025-06-26 19:59:52
105.7,-107.9,27.27,27.68,1.015034836817015,2025-06-26 20:01:07
106.7,-108.1,27.27,27.68,1.015034836817015,2025-06-26 20:02:22
107.7,-108.1,27.28,27.68,1.0146627565982405,2025-06-26 20:03:37
108.7,-108.2,27.28,27.68,1.0146627565982405,2025-06-26 20:04:51
109.7,-108.3,27.3,27.68,1.013919413919414,2025-06-26 20:06:06
110.7,-108.4,27.31,27.69,1.0139143170999634,2025-06-26 20:07:20
111.7,-108.4,27.31,27.69,1.0139143170999634,2025-06-26 20:08:34
112.7,-108.6,27.31,27.69,1.0139143170999634,2025-06-26 20:09:48
113.8,-108.7,27.32,27.69,1.0135431918008786,2025-06-26 20:11:02
114.8,-108.6,27.32,27.69,1.0135431918008786,2025-06-26 20:12:16
115.9,-108.7,27.33,27.69,1.013172338090011,2025-06-26 20:13:30
117.0,-108.9,27.33,27.69,1.013172338090011,2025-06-26 20:14:44
118.1,-109.0,27.36,27.69,1.012061403508772,2025-06-26 20:15:58
119.1,-108.9,27.36,27.69,1.012061403508772,2025-06-26 20:17:12
120.2,-109.0,27.37,27.69,1.0116916331750092,2025-06-26 20:18:27
121.4,-109.2,27.38,27.69,1.0113221329437547,2025-06-26 20:19:42
122.5,-109.3,27.38,27.7,1.0116873630387144,2025-06-26 20:20:56
123.6,-109.1,27.38,27.69,1.0113221329437547,2025-06-26 20:22:11
124.8,-109.4,27.38,27.69,1.0113221329437547,2025-06-26 20:23:25
125.9,-109.5,27.39,27.7,1.0113179992698065,2025-06-26 20:24:39
127.1,-109.5,27.39,27.7,1.0113179992698065,2025-06-26 20:25:52
128.3,-109.4,27.39,27.69,1.0109529025191677,2025-06-26 20:27:06
129.5,-109.5,27.39,27.7,1.0113179992698065,2025-06-26 20:28:19
130.7,-109.7,27.39,27.69,1.0109529025191677,2025-06-26 20:29:32
131.9,-109.7,27.4,27.69,1.0105839416058395,2025-06-26 20:30:43
133.1,-109.7,27.43,27.7,1.009843237331389,2025-06-26 20:31:54
134.3,-109.7,27.43,27.7,1.009843237331389,2025-06-26 20:33:05
135.6,-109.7,27.44,27.7,1.009475218658892,2025-06-26 20:34:16
136.8,-109.8,27.44,27.69,1.0091107871720115,2025-06-26 20:35:28
138.1,-110.1,27.44,27.69,1.0091107871720115,2025-06-26 20:36:39
139.4,-110.0,27.45,27.69,1.008743169398907,2025-06-26 20:37:50
140.7,-110.3,27.45,27.69,1.008743169398907,2025-06-26 20:39:02
142.0,-110.2,27.45,27.7,1.0091074681238617,2025-06-26 20:40:12
143.3,-110.2,27.45,27.69,1.008743169398907,2025-06-26 20:41:22
144.6,-110.2,27.46,27.69,1.0083758193736343,2025-06-26 20:42:32
145.9,-110.3,27.47,27.69,1.008008736803786,2025-06-26 20:43:42
147.3,-110.3,27.47,27.69,1.008008736803786,2025-06-26 20:44:51
148.7,-110.4,27.47,27.69,1.008008736803786,2025-06-26 20:46:01
150.0,-110.4,27.48,27.7,1.0080058224163029,2025-06-26 20:47:11
151.4,-110.4,27.48,27.69,1.00764192139738,2025-06-26 20:48:21
152.8,-110.5,27.48,27.7,1.0080058224163029,2025-06-26 20:49:31
154.2,-110.5,27.5,27.7,1.007272727272727,2025-06-26 20:50:42
155.7,-110.5,27.5,27.7,1.007272727272727,2025-06-26 20:51:52
157.1,-110.8,27.5,27.69,1.006909090909091,2025-06-26 20:53:03
158.6,-110.9,27.52,27.69,1.0061773255813955,2025-06-26 20:54:13
160.0,-110.8,27.52,27.69,1.0061773255813955,2025-06-26 20:55:24
161.5,-110.7,27.52,27.7,1.006540697674419,2025-06-26 20:56:34
163.0,-110.9,27.52,27.7,1.006540697674419,2025-06-26 20:57:43
164.5,-111.0,27.53,27.7,1.006175081729023,2025-06-26 20:58:53
166.0,-110.8,27.53,27.69,1.0058118416273156,2025-06-26 21:00:02
167.6,-111.0,27.53,27.7,1.006175081729023,2025-06-26 21:01:12
169.1,-111.4,27.53,27.7,1.006175081729023,2025-06-26 21:02:21
170.7,-111.0,27.53,27.7,1.006175081729023,2025-06-26 21:03:31
172.3,-111.0,27.53,27.69,1.0058118416273156,2025-06-26 21:04:41
173.9,-111.5,27.53,27.69,1.0058118416273156,2025-06-26 21:05:50
175.5,-111.6,27.55,27.7,1.0054446460980035,2025-06-26 21:07:00
177.1,-111.5,27.55,27.69,1.0050816696914702,2025-06-26 21:08:10
178.8,-111.4,27.55,27.69,1.0050816696914702,2025-06-26 21:09:20
180.4,-111.6,27.55,27.69,1.0050816696914702,2025-06-26 21:10:29
182.1,-111.4,27.55,27.7,1.0054446460980035,2025-06-26 21:11:39
183.8,-111.5,27.55,27.7,1.0054446460980035,2025-06-26 21:12:48
185.5,-111.7,27.55,27.7,1.0054446460980035,2025-06-26 21:13:57
187.2,-111.7,27.56,27.69,1.0047169811320755,2025-06-26 21:15:07
188.9,-111.8,27.56,27.69,1.0047169811320755,2025-06-26 21:16:16
190.7,-111.8,27.57,27.69,1.0043525571273124,2025-06-26 21:17:25
192.4,-111.8,27.56,27.7,1.0050798258345428,2025-06-26 21:18:35
194.2,-111.7,27.57,27.7,1.004715270221255,2025-06-26 21:19:44
196.0,-111.7,27.57,27.7,1.004715270221255,2025-06-26 21:20:53
197.8,-111.7,27.57,27.69,1.0043525571273124,2025-06-26 21:22:02
199.7,-112.0,27.59,27.7,1.0039869517941282,2025-06-26 21:23:12
201.5,-112.0,27.59,27.69,1.0036245016310257,2025-06-26 21:24:21
203.4,-112.0,27.59,27.69,1.0036245016310257,2025-06-26 21:25:30
205.3,-111.9,27.58,27.7,1.0043509789702685,2025-06-26 21:26:40
207.2,-112.1,27.59,27.69,1.0036245016310257,2025-06-26 21:27:49
209.1,-112.2,27.59,27.69,1.0036245016310257,2025-06-26 21:28:58
211.0,-111.9,27.58,27.69,1.0039883973894128,2025-06-26 21:30:07
213.0,-112.1,27.59,27.69,1.0036245016310257,2025-06-26 21:31:16
214.9,-112.5,27.58,27.7,1.0043509789702685,2025-06-26 21:32:25
216.9,-112.3,27.6,27.69,1.0032608695652174,2025-06-26 21:33:33
218.9,-112.2,27.6,27.69,1.0032608695652174,2025-06-26 21:34:42
221.0,-112.3,27.6,27.69,1.0032608695652174,2025-06-26 21:35:52
223.0,-112.3,27.61,27.7,1.0032596885186529,2025-06-26 21:37:01
225.1,-112.5,27.61,27.69,1.002897500905469,2025-06-26 21:38:10
227.2,-112.6,27.6,27.69,1.0032608695652174,2025-06-26 21:39:18
229.3,-112.9,27.6,27.69,1.0032608695652174,2025-06-26 21:40:27
231.4,-112.8,27.6,27.7,1.0036231884057971,2025-06-26 21:41:36
233.5,-112.7,27.6,27.69,1.0032608695652174,2025-06-26 21:42:44
235.7,-112.8,27.61,27.69,1.002897500905469,2025-06-26 21:43:53
237.9,-112.8,27.61,27.7,1.0032596885186529,2025-06-26 21:45:02
240.1,-112.8,27.61,27.7,1.0032596885186529,2025-06-26 21:46:11
242.3,-112.7,27.61,27.69,1.002897500905469,2025-06-26 21:47:20
244.6,-112.9,27.61,27.68,1.0025353132922854,2025-06-26 21:48:28
246.8,-112.7,27.61,27.68,1.0025353132922854,2025-06-26 21:49:37
249.1,-112.9,27.61,27.69,1.002897500905469,2025-06-26 21:50:45
251.4,-113.0,27.61,27.71,1.0036218761318365,2025-06-26 21:51:20
253.7,-113.0,27.61,27.69,1.002897500905469,2025-06-26 21:51:54
256.1,-113.0,27.61,27.7,1.0032596885186529,2025-06-26 21:52:28
258.5,-112.9,27.61,27.7,1.0032596885186529,2025-06-26 21:53:02
260.9,-113.0,27.61,27.69,1.002897500905469,2025-06-26 21:53:36
263.3,-112.9,27.61,27.69,1.002897500905469,2025-06-26 21:54:08
265.7,-113.0,27.61,27.69,1.002897500905469,2025-06-26 21:54:39
268.2,-113.1,27.61,27.68,1.0025353132922854,2025-06-26 21:55:11
270.7,-113.1,27.61,27.7,1.0032596885186529,2025-06-26 21:55:43
273.2,-113.2,27.61,27.69,1.002897500905469,2025-06-26 21:56:15
275.7,-113.2,27.61,27.69,1.002897500905469,2025-06-26 21:56:47
278.3,-113.1,27.61,27.69,1.002897500905469,2025-06-26 21:57:20
280.8,-113.1,27.61,27.69,1.002897500905469,2025-06-26 21:57:52
283.4,-113.1,27.61,27.68,1.0025353132922854,2025-06-26 21:58:24
286.1,-113.3,27.61,27.69,1.002897500905469,2025-06-26 21:58:56
288.7,-113.2,27.61,27.68,1.0025353132922854,2025-06-26 21:59:29
291.4,-113.2,27.61,27.68,1.0025353132922854,2025-06-26 22:00:01
294.1,-113.3,27.61,27.68,1.0025353132922854,2025-06-26 22:00:34
296.8,-113.4,27.61,27.68,1.0025353132922854,2025-06-26 22:01:06
299.6,-113.4,27.61,27.68,1.0025353132922854,2025-06-26 22:01:38
302.3,-113.3,27.6,27.68,1.0028985507246375,2025-06-26 22:02:11
305.1,-113.3,27.6,27.68,1.0028985507246375,2025-06-26 22:02:43
308.0,-113.5,27.6,27.68,1.0028985507246375,2025-06-26 22:03:15
310.8,-113.4,27.61,27.68,1.0025353132922854,2025-06-26 22:03:47
313.7,-113.6,27.61,27.66,1.001810938065918,2025-06-26 22:04:18
316.6,-113.4,27.61,27.67,1.0021731256791018,2025-06-26 22:04:50
319.5,-113.3,27.61,27.66,1.001810938065918,2025-06-26 22:05:22
322.5,-113.6,27.6,27.68,1.0028985507246375,2025-06-26 22:05:54
325.5,-113.6,27.61,27.67,1.0021731256791018,2025-06-26 22:06:26
328.5,-113.5,27.6,27.66,1.002173913043478,2025-06-26 22:06:58
331.5,-113.7,27.6,27.67,1.002536231884058,2025-06-26 22:07:30
334.6,-113.6,27.6,27.66,1.002173913043478,2025-06-26 22:08:02
337.7,-113.9,27.6,27.66,1.002173913043478,2025-06-26 22:08:34
340.8,-113.8,27.6,27.66,1.002173913043478,2025-06-26 22:09:06
344.0,-113.9,27.6,27.66,1.002173913043478,2025-06-26 22:09:38
347.2,-113.9,27.6,27.66,1.002173913043478,2025-06-26 22:10:10
350.4,-113.8,27.6,27.65,1.0018115942028984,2025-06-26 22:10:42
353.6,-114.2,27.59,27.65,1.0021747009786155,2025-06-26 22:11:13
356.9,-113.8,27.6,27.64,1.0014492753623188,2025-06-26 22:11:45
360.2,-113.7,27.58,27.64,1.0021754894851342,2025-06-26 22:12:17
363.5,-113.9,27.59,27.64,1.001812250815513,2025-06-26 22:12:49
366.9,-114.0,27.58,27.63,1.0018129079042786,2025-06-26 22:13:20
370.3,-114.1,27.59,27.63,1.0014498006524102,2025-06-26 22:13:52
373.7,-114.3,27.58,27.64,1.0021754894851342,2025-06-26 22:14:24
377.2,-114.3,27.58,27.63,1.0018129079042786,2025-06-26 22:14:56
380.7,-114.1,27.58,27.69,1.0039883973894128,2025-06-26 22:15:27
384.2,-113.9,27.57,27.69,1.0043525571273124,2025-06-26 22:15:59
387.8,-114.0,27.58,27.69,1.0039883973894128,2025-06-26 22:16:31
391.4,-113.9,27.58,27.69,1.0039883973894128,2025-06-26 22:17:02
395.0,-114.5,27.56,27.62,1.002177068214804,2025-06-26 22:17:34
398.7,-114.1,27.58,27.68,1.003625815808557,2025-06-26 22:18:06
402.4,-114.1,27.58,27.68,1.003625815808557,2025-06-26 22:18:37
406.1,-114.2,27.58,27.68,1.003625815808557,2025-06-26 22:19:09
409.8,-114.1,27.58,27.67,1.0032632342277013,2025-06-26 22:19:41
413.6,-114.0,27.56,27.68,1.0043541364296082,2025-06-26 22:20:13
417.5,-114.1,27.58,27.68,1.003625815808557,2025-06-26 22:20:44
421.3,-114.2,27.56,27.68,1.0043541364296082,2025-06-26 22:21:16
425.2,-114.1,27.58,27.67,1.0032632342277013,2025-06-26 22:21:47
429.2,-114.0,27.56,27.67,1.003991291727141,2025-06-26 22:22:19
433.1,-114.0,27.58,27.67,1.0032632342277013,2025-06-26 22:22:50
437.2,-114.0,27.56,27.67,1.003991291727141,2025-06-26 22:23:22
441.2,-114.0,27.56,27.67,1.003991291727141,2025-06-26 22:23:53
445.3,-114.3,27.58,27.66,1.0029006526468456,2025-06-26 22:24:25
449.4,-114.4,27.55,27.65,1.0036297640653358,2025-06-26 22:24:56
453.6,-114.3,27.55,27.65,1.0036297640653358,2025-06-26 22:25:28
457.8,-114.4,27.56,27.65,1.0032656023222062,2025-06-26 22:25:59
462.0,-114.4,27.55,27.65,1.0036297640653358,2025-06-26 22:26:31
466.3,-114.5,27.54,27.64,1.0036310820624548,2025-06-26 22:27:02
470.6,-114.5,27.54,27.62,1.0029048656499635,2025-06-26 22:27:34
475.0,-114.3,27.55,27.63,1.0029038112522686,2025-06-26 22:28:05
479.4,-114.5,27.54,27.62,1.0029048656499635,2025-06-26 22:28:36
483.8,-114.6,27.54,27.61,1.0025417574437183,2025-06-26 22:29:08
488.3,-114.5,27.54,27.6,1.002178649237473,2025-06-26 22:29:39
492.8,-114.5,27.54,27.6,1.002178649237473,2025-06-26 22:30:11
497.4,-114.5,27.54,27.6,1.002178649237473,2025-06-26 22:30:42
502.0,-114.5,27.53,27.6,1.0025426807119506,2025-06-26 22:31:02
506.6,-114.5,27.53,27.6,1.0025426807119506,2025-06-26 22:31:22
511.3,-114.6,27.53,27.6,1.0025426807119506,2025-06-26 22:31:41
516.1,-114.5,27.52,27.58,1.0021802325581397,2025-06-26 22:32:01
520.9,-114.5,27.52,27.58,1.0021802325581397,2025-06-26 22:32:21
525.7,-114.5,27.52,27.58,1.0021802325581397,2025-06-26 22:32:39
530.5,-114.5,27.52,27.57,1.0018168604651163,2025-06-26 22:32:58
535.5,-114.5,27.51,27.56,1.0018175209014903,2025-06-26 22:33:17
540.4,-114.8,27.51,27.55,1.0014540167211925,2025-06-26 22:33:35
545.4,-114.7,27.51,27.55,1.0014540167211925,2025-06-26 22:33:54
550.5,-114.5,27.51,27.55,1.0014540167211925,2025-06-26 22:34:13
555.6,-114.5,27.51,27.55,1.0014540167211925,2025-06-26 22:34:31
560.7,-114.6,27.5,27.53,1.001090909090909,2025-06-26 22:34:50
565.9,-114.8,27.49,27.53,1.001455074572572,2025-06-26 22:35:09
571.2,-114.6,27.48,27.53,1.0018195050946144,2025-06-26 22:35:28
576.4,-114.8,27.48,27.52,1.0014556040756917,2025-06-26 22:35:46
581.8,-114.6,27.48,27.51,1.0010917030567683,2025-06-26 22:36:05
587.2,-114.8,27.47,27.51,1.0014561339643249,2025-06-26 22:36:24
592.6,-114.8,27.48,27.5,1.0007278020378456,2025-06-26 22:36:43
598.1,-114.8,27.47,27.5,1.0010921004732436,2025-06-26 22:37:02
603.6,-114.7,27.46,27.49,1.0010924981791696,2025-06-26 22:37:21
609.2,-114.6,27.45,27.48,1.0010928961748635,2025-06-26 22:37:39
614.9,-114.7,27.45,27.48,1.0010928961748635,2025-06-26 22:37:58
620.6,-114.7,27.44,27.48,1.001457725947522,2025-06-26 22:38:16
626.3,-114.9,27.44,27.46,1.000728862973761,2025-06-26 22:38:35
632.1,-115.0,27.44,27.46,1.000728862973761,2025-06-26 22:38:53
638.0,-114.9,27.43,27.44,1.0003645643456072,2025-06-26 22:39:12
643.9,-114.8,27.43,27.45,1.000729128691214,2025-06-26 22:39:31
649.8,-114.8,27.42,27.44,1.00072939460248,2025-06-26 22:39:49
655.9,-115.0,27.42,27.43,1.00036469730124,2025-06-26 22:40:08
661.9,-114.8,27.4,27.42,1.0007299270072991,2025-06-26 22:40:26
668.1,-114.9,27.39,27.41,1.0007301935012778,2025-06-26 22:40:45
674.3,-115.1,27.38,27.41,1.0010956902848795,2025-06-26 22:41:04
680.5,-114.9,27.38,27.4,1.0007304601899196,2025-06-26 22:41:22
686.8,-115.1,27.38,27.39,1.00036523009496,2025-06-26 22:41:41
693.2,-114.9,27.37,27.39,1.000730727073438,2025-06-26 22:41:59
699.6,-114.8,27.36,27.35,0.9996345029239768,2025-06-26 22:42:18
706.1,-114.8,27.35,27.34,0.99963436928702,2025-06-26 22:42:37
712.6,-114.8,27.33,27.33,1.0,2025-06-26 22:42:55
719.2,-114.8,27.34,27.34,1.0,2025-06-26 22:43:14
725.9,-114.8,27.33,27.32,0.999634101719722,2025-06-26 22:43:32
732.6,-114.8,27.3,27.31,1.0003663003663004,2025-06-26 22:43:51
739.4,-114.8,27.3,27.29,0.9996336996336996,2025-06-26 22:44:09
746.2,-114.8,27.29,27.29,1.0,2025-06-26 22:44:28
753.1,-114.8,27.28,27.28,1.0,2025-06-26 22:44:46
760.1,-115.3,27.27,27.27,1.0,2025-06-26 22:45:05
767.2,-115.4,27.27,27.26,0.9996332966629996,2025-06-26 22:45:23
774.3,-115.4,27.26,27.25,0.999633162142333,2025-06-26 22:45:42
781.4,-115.5,27.26,27.23,0.9988994864269992,2025-06-26 22:46:00
788.7,-115.4,27.21,27.23,1.0007350238882764,2025-06-26 22:46:19
796.0,-115.2,27.21,27.21,1.0,2025-06-26 22:46:37
803.4,-115.1,27.2,27.21,1.0003676470588236,2025-06-26 22:46:56
810.8,-115.2,27.2,27.2,1.0,2025-06-26 22:47:14
818.3,-115.2,27.18,27.19,1.0003679175864606,2025-06-26 22:47:33
825.9,-115.4,27.17,27.18,1.000368052999632,2025-06-26 22:47:51
833.5,-115.4,27.18,27.17,0.9996320824135394,2025-06-26 22:48:10
841.2,-115.3,27.17,27.15,0.999263894000736,2025-06-26 22:48:28
849.0,-115.4,27.16,27.14,0.9992636229749632,2025-06-26 22:48:46
856.9,-115.6,27.15,27.14,0.99963167587477,2025-06-26 22:49:05
864.8,-114.9,27.13,27.12,0.9996314043494288,2025-06-26 22:49:23
872.9,-115.3,27.12,27.1,0.9992625368731564,2025-06-26 22:49:41
880.9,-115.4,27.11,27.09,0.99926226484692,2025-06-26 22:50:00
889.1,-115.5,27.11,27.09,0.99926226484692,2025-06-26 22:50:18
897.3,-115.2,27.09,27.07,0.9992617201919528,2025-06-26 22:50:36
905.6,-115.5,27.09,27.06,0.998892580287929,2025-06-26 22:50:55
914.0,-115.8,27.08,27.04,0.998522895125554,2025-06-26 22:51:13
922.5,-115.5,27.06,27.04,0.999260901699926,2025-06-26 22:51:32
931.0,-115.6,27.05,27.02,0.998890942698706,2025-06-26 22:51:50
939.7,-115.3,27.04,27.0,0.9985207100591716,2025-06-26 22:52:08
948.4,-115.5,27.02,26.98,0.998519615099926,2025-06-26 22:52:27
957.2,-115.5,27.01,26.97,0.9985190670122176,2025-06-26 22:52:45
966.0,-115.6,27.0,26.95,0.998148148148148,2025-06-26 22:53:03
975.0,-115.7,26.99,26.94,0.9981474620229716,2025-06-26 22:53:21
984.0,-115.6,26.97,26.93,0.9985168705969596,2025-06-26 22:53:40
993.1,-115.5,26.95,26.91,0.9985157699443414,2025-06-26 22:53:58
1002.3,-115.9,26.94,26.9,0.9985152190051968,2025-06-26 22:54:11
1011.6,-116.0,26.92,26.87,0.9981426448737,2025-06-26 22:54:23
1021.0,-115.5,26.91,26.85,0.9977703455964326,2025-06-26 22:54:36
1030.4,-115.5,26.9,26.84,0.9977695167286246,2025-06-26 22:54:49
1040.0,-115.2,26.86,26.83,0.9988830975428146,2025-06-26 22:55:01
1049.6,-116.0,26.86,26.81,0.998138495904691,2025-06-26 22:55:13
1059.3,-115.9,26.85,26.8,0.9981378026070764,2025-06-26 22:55:26
1069.1,-115.8,26.83,26.78,0.998136414461424,2025-06-26 22:55:38
1079.0,-115.5,26.81,26.76,0.9981350242446848,2025-06-26 22:55:50
1089.0,-115.5,26.79,26.75,0.9985069055617768,2025-06-26 22:56:02
1099.1,-115.9,26.78,26.73,0.9981329350261388,2025-06-26 22:56:14
1109.3,-115.8,26.76,26.71,0.9981315396113604,2025-06-26 22:56:26
1119.6,-115.9,26.76,26.7,0.9977578475336322,2025-06-26 22:56:38
1129.9,-115.5,26.74,26.68,0.9977561705310396,2025-06-26 22:56:50
1140.4,-115.5,26.71,26.66,0.9981280419318608,2025-06-26 22:57:03
1151.0,-115.5,26.69,26.62,0.9973772948669912,2025-06-26 22:57:15
1161.6,-115.5,26.67,26.6,0.9973753280839897,2025-06-26 22:57:27
1172.4,-115.5,26.66,26.65,0.9996249062265564,2025-06-26 22:57:39
1183.2,-115.8,26.64,26.63,0.9996246246246244,2025-06-26 22:57:51
1194.2,-115.7,26.63,26.6,0.9988734509951184,2025-06-26 22:58:04
1205.3,-115.9,26.6,26.58,0.9992481203007516,2025-06-26 22:58:16
1216.4,-115.9,26.59,26.56,0.9988717562993606,2025-06-26 22:58:28
1227.7,-116.0,26.56,26.54,0.9992469879518072,2025-06-26 22:58:40
1239.1,-115.3,26.58,26.51,0.9973664409330324,2025-06-26 22:58:52
1250.5,-115.8,26.58,26.5,0.99699021820918,2025-06-26 22:59:04
1262.1,-116.0,26.55,26.47,0.9969868173258004,2025-06-26 22:59:16
1273.8,-115.9,26.52,26.44,0.9969834087481146,2025-06-26 22:59:29
1285.6,-116.0,26.5,26.43,0.9973584905660378,2025-06-26 22:59:41
1297.5,-116.0,26.48,26.4,0.996978851963746,2025-06-26 22:59:53
1309.5,-115.5,26.47,26.38,0.9965999244427654,2025-06-26 23:00:05
1321.7,-115.7,26.44,26.35,0.9965960665658092,2025-06-26 23:00:17
1333.9,-115.5,26.42,26.32,0.9962149886449658,2025-06-26 23:00:29
1346.3,-115.5,26.38,26.3,0.99696739954511,2025-06-26 23:00:41
1358.7,-115.5,26.36,26.28,0.9969650986342944,2025-06-26 23:00:53
1371.3,-115.4,26.33,26.26,0.9973414356247629,2025-06-26 23:01:05
1384.0,-115.8,26.3,26.21,0.9965779467680608,2025-06-26 23:01:17
1396.8,-115.5,26.28,26.19,0.9965753424657534,2025-06-26 23:01:29
1409.8,-115.8,26.26,26.13,0.9950495049504948,2025-06-26 23:01:41
1422.8,-115.5,26.23,26.11,0.9954250857796416,2025-06-26 23:01:54
1436.0,-115.5,26.2,26.09,0.9958015267175572,2025-06-26 23:02:06
1449.3,-115.7,26.18,26.05,0.9950343773873186,2025-06-26 23:02:18
1462.7,-115.5,26.16,26.03,0.9950305810397554,2025-06-26 23:02:30
1476.3,-115.6,26.12,26.0,0.9954058192955588,2025-06-26 23:02:42
1490.0,-115.5,26.1,25.97,0.9950191570881224,2025-06-26 23:02:54
1503.8,-115.5,26.07,25.93,0.9946298427311084,2025-06-26 23:03:06
1517.7,-115.7,26.01,25.91,0.996155324875048,2025-06-26 23:03:18
1531.7,-115.6,25.98,25.89,0.9965357967667436,2025-06-26 23:03:30
1545.9,-115.9,25.95,25.9,0.9980732177263968,2025-06-26 23:03:42
1560.2,-115.7,25.98,25.87,0.99576597382602,2025-06-26 23:03:54
1574.7,-116.1,25.95,25.82,0.994990366088632,2025-06-26 23:04:06
1589.3,-115.5,25.91,25.8,0.995754534928599,2025-06-26 23:04:18
1604.0,-115.5,25.9,25.76,0.9945945945945948,2025-06-26 23:04:31
1618.9,-115.9,25.85,25.73,0.995357833655706,2025-06-26 23:04:43
1633.9,-115.7,25.83,25.68,0.994192799070848,2025-06-26 23:04:55
1649.0,-115.6,25.79,25.66,0.9949592865451726,2025-06-26 23:05:07
1664.3,-115.7,25.75,25.6,0.9941747572815536,2025-06-26 23:05:19
1679.7,-115.7,25.73,25.57,0.9937815779246016,2025-06-26 23:05:31
1695.2,-115.7,25.68,25.55,0.99493769470405,2025-06-26 23:05:43
1710.9,-115.0,25.64,25.51,0.9949297971918876,2025-06-26 23:05:55
1726.8,-115.8,25.62,25.48,0.994535519125683,2025-06-26 23:06:07
1742.8,-115.7,25.57,25.47,0.9960891669925692,2025-06-26 23:06:19
1758.9,-115.8,25.54,25.46,0.9968676585747848,2025-06-26 23:06:31
1775.2,-116.1,25.49,25.4,0.9964692036092584,2025-06-26 23:06:43
1791.7,-115.8,25.45,25.37,0.9968565815324164,2025-06-26 23:06:55
1808.2,-115.7,25.41,25.32,0.9964580873671784,2025-06-26 23:07:07
1825.0,-115.4,25.38,25.29,0.99645390070922,2025-06-26 23:07:19
1841.9,-115.6,25.39,25.24,0.9940921622686096,2025-06-26 23:07:31
1859.0,-115.4,25.37,25.2,0.9932991722506898,2025-06-26 23:07:43
1876.2,-115.8,25.32,25.15,0.9932859399684044,2025-06-26 23:07:55
1893.6,-115.4,25.27,25.11,0.9936683814800158,2025-06-26 23:08:07
1911.1,-115.2,25.22,25.08,0.9944488501189532,2025-06-26 23:08:19
1928.8,-115.2,25.18,25.01,0.9932486100079428,2025-06-26 23:08:31
1946.7,-115.1,25.13,25.0,0.9948269001193792,2025-06-26 23:08:42
1964.7,-115.2,25.1,24.97,0.994820717131474,2025-06-26 23:08:54
1982.9,-115.3,25.04,24.91,0.9948083067092652,2025-06-26 23:09:06
2001.2,-115.2,25.0,24.88,0.9952,2025-06-26 23:09:18
2019.8,-115.2,24.95,24.83,0.995190380761523,2025-06-26 23:09:30
2038.5,-115.4,24.94,24.75,0.9923817161186848,2025-06-26 23:09:42
2057.4,-115.3,24.91,24.72,0.9923725411481332,2025-06-26 23:09:54
2076.4,-115.0,24.85,24.66,0.9923541247484908,2025-06-26 23:10:06
2095.7,-115.3,24.82,24.62,0.9919419822723612,2025-06-26 23:10:18
2115.1,-115.0,24.75,24.57,0.9927272727272728,2025-06-26 23:10:30
2134.7,-115.6,24.69,24.52,0.9931146213041716,2025-06-26 23:10:42
2154.4,-115.4,24.66,24.51,0.9939172749391728,2025-06-26 23:10:53
2174.4,-115.5,24.6,24.46,0.9943089430894309,2025-06-26 23:11:05
2194.5,-115.4,24.56,24.39,0.9930781758957656,2025-06-26 23:11:17
2214.9,-115.5,24.5,24.33,0.9930612244897958,2025-06-26 23:11:29
2235.4,-115.7,24.46,24.29,0.9930498773507768,2025-06-26 23:11:41
2256.1,-115.2,24.44,24.23,0.9914075286415712,2025-06-26 23:11:52
2277.0,-115.3,24.39,24.18,0.991389913899139,2025-06-26 23:12:04
2298.1,-115.5,24.32,24.17,0.9938322368421052,2025-06-26 23:12:16
2319.3,-115.4,24.28,24.11,0.992998352553542,2025-06-26 23:12:28
2340.8,-115.3,24.22,24.03,0.9921552436003304,2025-06-26 23:12:39
2362.5,-115.3,24.15,23.98,0.99296066252588,2025-06-26 23:12:51
2384.4,-115.5,24.1,23.91,0.992116182572614,2025-06-26 23:13:03
2406.5,-115.4,24.09,23.91,0.9925280199252802,2025-06-26 23:13:15
2428.8,-115.3,24.03,23.85,0.99250936329588,2025-06-26 23:13:27
2451.3,-115.4,23.96,23.79,0.9929048414023371,2025-06-26 23:13:38
2474.0,-115.5,23.9,23.71,0.992050209205021,2025-06-26 23:13:50
2496.9,-115.4,23.84,23.65,0.9920302013422818,2025-06-26 23:14:02
2520.0,-115.5,23.84,23.59,0.989513422818792,2025-06-26 23:14:10
2543.3,-115.2,23.79,23.58,0.9911727616645648,2025-06-26 23:14:18
2566.9,-115.3,23.71,23.5,0.9911429776465626,2025-06-26 23:14:26
2590.7,-115.2,23.64,23.43,0.9911167512690356,2025-06-26 23:14:34
2614.7,-115.5,23.58,23.37,0.9910941475826972,2025-06-26 23:14:42
2638.9,-115.6,23.53,23.3,0.9902252443688908,2025-06-26 23:14:50
2663.3,-115.5,23.5,23.28,0.9906382978723404,2025-06-26 23:14:58
2688.0,-115.3,23.43,23.21,0.9906103286384976,2025-06-26 23:15:06
2712.9,-115.3,23.36,23.11,0.9892979452054794,2025-06-26 23:15:15
2738.0,-115.3,23.31,23.03,0.987987987987988,2025-06-26 23:15:23
2763.4,-115.8,23.24,22.97,0.9883820998278828,2025-06-26 23:15:31
2789.0,-115.3,23.22,22.95,0.9883720930232558,2025-06-26 23:15:39
2814.8,-115.7,23.14,22.88,0.9887640449438202,2025-06-26 23:15:47
2840.9,-115.5,23.07,22.8,0.988296488946684,2025-06-26 23:15:55
2867.2,-115.5,22.98,22.79,0.9917319408181028,2025-06-26 23:16:03
2893.8,-115.3,22.95,22.7,0.989106753812636,2025-06-26 23:16:11
2920.6,-115.3,22.88,22.61,0.9881993006993008,2025-06-26 23:16:19
2947.6,-115.5,22.82,22.79,0.9986853637160386,2025-06-26 23:16:27
2974.9,-115.5,22.75,22.75,1.0,2025-06-26 23:16:36
3002.5,-115.5,22.72,22.67,0.997799295774648,2025-06-26 23:16:44
3030.3,-115.5,22.64,22.59,0.997791519434629,2025-06-26 23:16:52
3058.3,-115.5,22.55,22.48,0.9968957871396896,2025-06-26 23:17:00
3086.7,-115.5,22.75,22.42,0.9854945054945056,2025-06-26 23:17:08
3115.3,-115.5,22.69,22.38,0.9863375936535916,2025-06-26 23:17:16
3144.1,-115.5,22.57,22.28,0.9871510855117412,2025-06-26 23:17:24
3173.2,-116.0,22.51,22.21,0.9866725899600176,2025-06-26 23:17:32
3202.6,-115.3,22.44,22.15,0.9870766488413546,2025-06-26 23:17:40
3232.3,-115.8,22.4,22.06,0.9848214285714286,2025-06-26 23:17:49
3262.2,-116.0,22.3,21.94,0.9838565022421524,2025-06-26 23:17:57
3292.4,-115.5,22.25,21.9,0.9842696629213482,2025-06-26 23:18:05
3322.9,-115.9,22.16,21.8,0.983754512635379,2025-06-26 23:18:13
3353.7,-115.9,22.07,21.71,0.9836882646125964,2025-06-26 23:18:21
3384.8,-116.0,21.97,21.64,0.9849795175238965,2025-06-26 23:18:29
3416.1,-115.8,21.93,21.57,0.9835841313269494,2025-06-26 23:18:37
3447.8,-115.8,21.82,21.46,0.9835013748854262,2025-06-26 23:18:45
3479.7,-115.8,21.73,21.41,0.9852738150023008,2025-06-26 23:18:53
3511.9,-115.8,21.69,21.32,0.982941447671738,2025-06-26 23:19:01
3544.5,-115.7,21.58,21.27,0.9856348470806304,2025-06-26 23:19:09
3577.3,-115.8,21.53,21.14,0.9818857408267534,2025-06-26 23:19:17
3610.4,-115.8,21.45,21.08,0.9827505827505828,2025-06-26 23:19:26
3643.9,-115.8,21.35,21.02,0.984543325526932,2025-06-26 23:19:34
3677.6,-115.8,21.29,20.93,0.98309065288868,2025-06-26 23:19:42
3711.7,-116.0,21.17,20.83,0.9839395370807744,2025-06-26 23:19:50
3746.1,-115.7,21.13,20.73,0.9810695693327024,2025-06-26 23:19:58
3780.7,-115.9,21.01,20.67,0.9838172298905284,2025-06-26 23:20:06
3815.8,-115.8,20.96,20.59,0.9823473282442748,2025-06-26 23:20:14
3851.1,-116.1,20.85,20.52,0.9841726618705036,2025-06-26 23:20:22
3886.8,-115.5,20.75,20.39,0.9826506024096384,2025-06-26 23:20:30
3922.8,-115.9,20.69,20.33,0.9826002899951666,2025-06-26 23:20:39
3959.1,-115.6,20.59,20.26,0.9839728023312287,2025-06-26 23:20:47
3995.8,-115.8,20.53,20.14,0.9810034096444228,2025-06-26 23:20:55
4032.8,-115.4,20.43,20.05,0.981399902104748,2025-06-26 23:21:03
4070.1,-115.5,20.33,19.96,0.9818002951303494,2025-06-26 23:21:11
4107.8,-115.7,20.24,19.89,0.9827075098814232,2025-06-26 23:21:19
4145.9,-115.9,20.18,19.83,0.9826560951437066,2025-06-26 23:21:27
4184.3,-115.5,20.09,19.72,0.9815828770532604,2025-06-26 23:21:35
4223.0,-115.5,20.0,19.67,0.9835,2025-06-26 23:21:43
4262.2,-115.7,19.9,19.57,0.9834170854271358,2025-06-26 23:21:51
4301.6,-115.7,19.84,19.47,0.9813508064516128,2025-06-26 23:21:59
4341.5,-115.6,19.75,19.4,0.982278481012658,2025-06-26 23:22:07
4381.7,-115.9,19.68,19.28,0.9796747967479676,2025-06-26 23:22:15
4422.3,-115.8,19.57,19.22,0.9821154828819622,2025-06-26 23:22:23
4463.2,-115.7,19.5,19.13,0.9810256410256408,2025-06-26 23:22:32
4504.6,-115.7,19.42,19.02,0.9794026776519053,2025-06-26 23:22:40
4546.3,-115.7,19.31,18.96,0.981874676333506,2025-06-26 23:22:48
4588.4,-115.9,19.24,18.85,0.97972972972973,2025-06-26 23:22:55
4630.9,-115.7,19.14,18.79,0.9817136886102402,2025-06-26 23:23:03
4673.8,-115.7,19.07,18.67,0.979024646040902,2025-06-26 23:23:11
4717.1,-115.5,18.97,18.61,0.9810226673695308,2025-06-26 23:23:19
4760.8,-116.1,18.87,18.51,0.9809220985691576,2025-06-26 23:23:26
4804.9,-115.8,18.81,18.43,0.97979797979798,2025-06-26 23:23:34
4849.4,-115.6,18.74,18.36,0.9797225186766276,2025-06-26 23:23:42
4894.3,-115.9,18.62,18.23,0.9790547798066594,2025-06-26 23:23:50
4939.6,-116.1,18.52,18.17,0.9811015118790498,2025-06-26 23:23:58
4985.4,-115.8,18.45,18.08,0.9799457994579944,2025-06-26 23:24:06
5031.5,-115.5,18.34,18.02,0.9825517993456924,2025-06-26 23:24:13
5078.2,-116.3,18.29,17.88,0.9775833788955712,2025-06-26 23:24:20
5125.2,-116.3,18.19,17.82,0.9796591533809784,2025-06-26 23:24:27
5172.7,-116.3,18.09,17.7,0.978441127694859,2025-06-26 23:24:34
5220.6,-116.3,18.03,17.65,0.9789240155296728,2025-06-26 23:24:40
5268.9,-116.0,17.93,17.53,0.977691020635806,2025-06-26 23:24:47
5317.7,-116.3,17.84,17.45,0.9781390134529148,2025-06-26 23:24:54
5367.0,-116.3,17.73,17.39,0.9808234630569655,2025-06-26 23:25:01
5416.7,-116.0,17.66,17.28,0.9784824462061156,2025-06-26 23:25:08
5466.9,-116.3,17.59,17.41,0.9897669130187606,2025-06-26 23:25:15
5517.5,-115.8,17.49,17.29,0.9885648942252716,2025-06-26 23:25:22
5568.6,-116.0,17.42,17.2,0.9873708381171068,2025-06-26 23:25:29
5620.2,-116.5,17.3,17.11,0.9890173410404623,2025-06-26 23:25:36
5672.2,-115.9,17.25,17.03,0.9872463768115942,2025-06-26 23:25:43
5724.8,-115.9,17.34,16.92,0.9757785467128028,2025-06-26 23:25:50
5777.8,-116.3,17.26,16.83,0.9750869061413672,2025-06-26 23:25:57
5831.3,-116.3,17.14,16.74,0.9766627771295214,2025-06-26 23:26:04
5885.3,-116.0,17.05,16.61,0.9741935483870968,2025-06-26 23:26:11
5939.8,-116.2,16.94,16.54,0.9763872491145216,2025-06-26 23:26:18
5994.8,-116.3,16.85,16.45,0.976261127596439,2025-06-26 23:26:25
6050.4,-116.1,16.78,16.32,0.9725864123957092,2025-06-26 23:26:32
6106.4,-116.1,16.68,16.23,0.973021582733813,2025-06-26 23:26:39
6163.0,-116.3,16.56,16.15,0.9752415458937198,2025-06-26 23:26:46
6220.0,-116.3,16.48,16.06,0.974514563106796,2025-06-26 23:26:53
6277.7,-116.2,16.39,15.95,0.9731543624161072,2025-06-26 23:27:00
6335.8,-116.0,16.26,15.85,0.9747847478474784,2025-06-26 23:27:07
6394.5,-116.3,16.18,15.76,0.9740420271940669,2025-06-26 23:27:14
6453.7,-115.9,16.1,15.68,0.9739130434782608,2025-06-26 23:27:21
6513.5,-115.9,16.0,15.6,0.975,2025-06-26 23:27:28
6573.8,-116.0,15.88,15.51,0.9767002518891688,2025-06-26 23:27:35
6634.7,-116.4,15.8,15.42,0.9759493670886076,2025-06-26 23:27:42
6696.2,-116.3,15.71,15.33,0.9758115849777212,2025-06-26 23:27:49
6758.2,-116.2,15.62,15.21,0.973751600512164,2025-06-26 23:27:56
6820.8,-116.0,15.53,15.13,0.9742433998712172,2025-06-26 23:28:03
6884.0,-116.0,15.45,15.03,0.9728155339805824,2025-06-26 23:28:10
6947.7,-116.0,15.32,14.95,0.9758485639686684,2025-06-26 23:28:17
7012.1,-116.5,15.24,14.87,0.9757217847769027,2025-06-26 23:28:24
7077.0,-116.0,15.16,14.78,0.974934036939314,2025-06-26 23:28:31
7142.6,-116.0,15.07,14.69,0.9747843397478434,2025-06-26 23:28:38
7208.7,-116.5,14.98,14.61,0.9753004005340452,2025-06-26 23:28:45
7275.5,-116.3,14.89,14.53,0.9758226997985224,2025-06-26 23:28:52
7342.9,-116.2,14.81,14.43,0.974341661039838,2025-06-26 23:28:59
7410.9,-115.7,14.72,14.35,0.9748641304347826,2025-06-26 23:29:06
7479.5,-116.1,14.64,14.26,0.9740437158469945,2025-06-26 23:29:13
7548.8,-116.3,14.55,14.17,0.9738831615120276,2025-06-26 23:29:20
7618.7,-116.4,14.47,14.09,0.9737387698686938,2025-06-26 23:29:27
7689.3,-116.3,14.38,14.04,0.976356050069541,2025-06-26 23:29:34
7760.5,-116.2,14.3,14.08,0.9846153846153846,2025-06-26 23:29:41
7832.4,-116.6,14.21,13.98,0.9838142153413088,2025-06-26 23:29:48
7904.9,-116.4,14.12,13.89,0.9837110481586404,2025-06-26 23:29:55
7978.1,-116.7,14.03,13.8,0.9836065573770492,2025-06-26 23:30:02
8052.0,-116.5,13.98,13.74,0.9828326180257512,2025-06-26 23:30:09
8126.6,-116.6,14.04,13.64,0.9715099715099716,2025-06-26 23:30:16
8201.9,-116.5,13.95,13.54,0.9706093189964158,2025-06-26 23:30:23
8277.9,-116.3,13.85,13.47,0.9725631768953068,2025-06-26 23:30:30
8354.5,-116.5,13.75,13.38,0.9730909090909092,2025-06-26 23:30:37
8431.9,-116.4,13.67,13.31,0.9736649597659108,2025-06-26 23:30:44
8510.0,-116.7,13.57,13.21,0.9734708916728078,2025-06-26 23:30:51
8588.8,-116.5,13.5,13.11,0.971111111111111,2025-06-26 23:30:58
8668.4,-116.6,13.42,13.04,0.9716840536512668,2025-06-26 23:31:04
8748.7,-116.6,13.34,12.96,0.9715142428785608,2025-06-26 23:31:12
8829.7,-116.5,13.25,12.89,0.9728301886792452,2025-06-26 23:31:18
8911.5,-116.2,13.16,12.8,0.972644376899696,2025-06-26 23:31:25
8994.0,-116.4,13.1,12.71,0.970229007633588,2025-06-26 23:31:32
9077.3,-116.3,13.0,12.65,0.9730769230769232,2025-06-26 23:31:39
9161.4,-116.7,12.92,12.55,0.9713622291021672,2025-06-26 23:31:46
9246.3,-116.9,12.83,12.47,0.9719407638347624,2025-06-26 23:31:53
9331.9,-116.6,12.77,12.41,0.971808927173062,2025-06-26 23:32:00
9418.3,-116.7,12.68,12.33,0.972397476340694,2025-06-26 23:32:07
9505.6,-116.9,12.59,12.24,0.9722001588562352,2025-06-26 23:32:13
9593.6,-116.6,12.51,12.18,0.973621103117506,2025-06-26 23:32:20
9682.5,-116.3,12.44,12.1,0.9726688102893892,2025-06-26 23:32:27
9772.1,-116.3,12.36,12.03,0.9733009708737864,2025-06-26 23:32:33
9862.7,-116.4,12.29,11.95,0.9723352318958502,2025-06-26 23:32:40
9954.0,-117.0,12.19,11.9,0.9762100082034456,2025-06-26 23:32:47
10046.2,-116.7,12.14,11.81,0.9728171334431632,2025-06-26 23:32:54
10139.3,-116.5,12.07,11.74,0.9726594863297432,2025-06-26 23:33:01
10233.2,-116.7,12.0,11.69,0.9741666666666666,2025-06-26 23:33:08
10327.9,-116.6,11.92,11.6,0.9731543624161072,2025-06-26 23:33:15
10423.6,-116.7,11.86,11.54,0.9730185497470488,2025-06-26 23:33:22
10520.2,-116.7,11.77,11.47,0.9745114698385728,2025-06-26 23:33:29
10617.6,-117.0,11.72,11.39,0.9718430034129693,2025-06-26 23:33:36
10715.9,-116.7,11.65,11.32,0.9716738197424892,2025-06-26 23:33:43
10815.2,-116.5,11.56,11.27,0.9749134948096884,2025-06-26 23:33:50
10915.4,-116.5,11.5,11.19,0.9730434782608696,2025-06-26 23:33:57
11016.5,-116.7,11.42,11.13,0.9746059544658494,2025-06-26 23:34:04
11118.5,-116.7,11.36,11.08,0.9753521126760564,2025-06-26 23:34:11
11221.5,-116.5,11.28,11.0,0.975177304964539,2025-06-26 23:34:18
11325.4,-116.5,11.23,10.94,0.9741763134461264,2025-06-26 23:34:25
11430.3,-117.1,11.16,10.88,0.9749103942652332,2025-06-26 23:34:31
11536.2,-117.0,11.1,10.83,0.9756756756756756,2025-06-26 23:34:38
11643.0,-117.2,11.04,10.75,0.9737318840579712,2025-06-26 23:34:45
11750.9,-116.7,10.97,10.7,0.97538742023701,2025-06-26 23:34:52
11859.7,-117.0,10.89,10.64,0.9770431588613406,2025-06-26 23:34:59
11969.6,-116.7,10.84,10.56,0.974169741697417,2025-06-26 23:35:06
12080.4,-117.0,10.78,10.51,0.9749536178107608,2025-06-26 23:35:13
12192.3,-117.0,10.7,10.45,0.9766355140186916,2025-06-26 23:35:20
12305.2,-117.0,10.65,10.4,0.976525821596244,2025-06-26 23:35:27
12419.2,-116.7,10.6,10.35,0.9764150943396226,2025-06-26 23:35:34
12534.2,-117.0,10.55,10.28,0.9744075829383884,2025-06-26 23:35:41
12650.3,-116.9,10.47,10.22,0.9761222540592168,2025-06-26 23:35:48
12767.5,-117.0,10.41,10.18,0.97790585975024,2025-06-26 23:35:55
12885.8,-116.7,10.36,10.13,0.977799227799228,2025-06-26 23:36:02
13005.1,-116.7,10.31,10.07,0.976721629485936,2025-06-26 23:36:09
13125.6,-117.1,10.26,10.029,0.9774853801169592,2025-06-26 23:36:16
13247.1,-117.4,10.19,9.954,0.9768400392541708,2025-06-26 23:36:23
13369.8,-117.2,10.14,9.903,0.9766272189349112,2025-06-26 23:36:30
13493.7,-117.0,10.092,9.844,0.9754260800634164,2025-06-26 23:36:37
13618.7,-117.0,10.036,9.803,0.9767835791151854,2025-06-26 23:36:44
13744.8,-117.1,9.988,9.756,0.9767721265518624,2025-06-26 23:36:51
13872.1,-117.2,9.941,9.701,0.9758575596016495,2025-06-26 23:36:58
14000.6,-116.9,9.889,9.66,0.97684295682071,2025-06-26 23:37:05
14130.3,-117.1,9.807,9.612,0.9801162434995412,2025-06-26 23:37:12
14261.1,-117.2,9.756,9.571,0.9810373103731036,2025-06-26 23:37:19
14393.2,-117.4,9.718,9.517,0.9793167318378266,2025-06-26 23:37:26
14526.5,-117.0,9.664,9.446,0.9774420529801324,2025-06-26 23:37:33
14661.1,-117.4,9.622,9.404,0.9773435876117232,2025-06-26 23:37:40
14796.9,-117.4,9.574,9.351,0.9767077501566744,2025-06-26 23:37:47
14933.9,-117.2,9.524,9.312,0.9777404451910962,2025-06-26 23:37:54
15072.3,-117.3,9.482,9.27,0.9776418477114532,2025-06-26 23:38:01
15211.9,-117.4,9.433,9.221,0.9775257076221776,2025-06-26 23:38:08
15352.8,-117.0,9.387,9.185,0.9784808778097368,2025-06-26 23:38:15
15495.0,-117.6,9.338,9.136,0.978367958877704,2025-06-26 23:38:22
15638.5,-117.4,9.296,9.095,0.9783777969018934,2025-06-26 23:38:29
15783.3,-117.3,9.247,9.051,0.9788039364118092,2025-06-26 23:38:36
15929.5,-117.2,9.182,9.017,0.9820300588107164,2025-06-26 23:38:43
16077.0,-117.1,9.142,8.97,0.9811857361627654,2025-06-26 23:38:50
16226.0,-117.2,9.088,8.929,0.9825044014084507,2025-06-26 23:38:57
16376.2,-117.2,9.048,8.894,0.9829796640141468,2025-06-26 23:39:04
16527.9,-117.1,9.014,8.859,0.982804526292434,2025-06-26 23:39:11
16681.0,-117.6,8.976,8.813,0.9818404634581104,2025-06-26 23:39:18
16835.5,-117.3,8.929,8.744,0.9792809945122634,2025-06-26 23:39:25
16991.4,-117.2,8.891,8.707,0.979304915082668,2025-06-26 23:39:32
17148.8,-117.0,8.867,8.695,0.9806022329987594,2025-06-26 23:39:39
17307.7,-117.5,8.807,8.644,0.981491995003974,2025-06-26 23:39:46
17468.0,-117.2,8.771,8.59,0.9793638125641316,2025-06-26 23:39:53
17629.8,-117.3,8.728,8.539,0.978345554537122,2025-06-26 23:40:00
17793.0,-117.6,8.686,8.494,0.9778954639650012,2025-06-26 23:40:07
17957.8,-117.2,8.644,8.455,0.9781351226284128,2025-06-26 23:40:14
18124.2,-117.5,8.611,8.406,0.9761932412031122,2025-06-26 23:40:21
18292.0,-117.3,8.569,8.365,0.976193254755514,2025-06-26 23:40:28
18461.5,-117.3,8.512,8.333,0.978970864661654,2025-06-26 23:40:35
18632.5,-117.2,8.481,8.293,0.9778328027355264,2025-06-26 23:40:42
18805.0,-117.2,8.44,8.246,0.9770142180094789,2025-06-26 23:40:48
18979.2,-118.0,8.385,8.198,0.9776982707215266,2025-06-26 23:40:55
19155.0,-117.2,8.344,8.163,0.978307766059444,2025-06-26 23:41:02
19332.4,-117.8,8.313,8.134,0.9784674606038736,2025-06-26 23:41:08
19511.5,-117.2,8.272,8.095,0.9786025145067698,2025-06-26 23:41:15
19692.2,-117.4,8.218,8.04,0.978340228766123,2025-06-26 23:41:22
19874.6,-117.3,8.181,8.013,0.9794646131279796,2025-06-26 23:41:28
20058.7,-117.6,8.148,7.976,0.978890525282278,2025-06-26 23:41:35
20244.5,-117.2,8.112,7.943,0.9791666666666666,2025-06-26 23:41:42
20432.0,-117.6,8.062,7.907,0.9807740014884644,2025-06-26 23:41:49
20621.2,-117.4,8.029,7.874,0.9806949806949806,2025-06-26 23:41:55
20812.2,-117.5,7.99,7.844,0.981727158948686,2025-06-26 23:42:02
21005.0,-117.0,7.957,7.808,0.9812743496292572,2025-06-26 23:42:09
21199.5,-117.3,7.923,7.781,0.9820774958980184,2025-06-26 23:42:15
21395.9,-117.4,7.891,7.728,0.9793435559498164,2025-06-26 23:42:22
21594.1,-117.9,7.841,7.69,0.980742252263742,2025-06-26 23:42:29
21794.1,-117.4,7.805,7.665,0.9820627802690584,2025-06-26 23:42:36
21995.9,-117.6,7.78,7.632,0.9809768637532132,2025-06-26 23:42:42
22199.7,-117.7,7.745,7.606,0.9820529373789542,2025-06-26 23:42:49
22405.3,-117.4,7.712,7.572,0.9818464730290456,2025-06-26 23:42:56
22612.8,-117.6,7.684,7.609,0.9902394586153044,2025-06-26 23:43:02
22822.2,-117.6,7.649,7.577,0.9905870048372336,2025-06-26 23:43:09
23033.6,-117.5,7.622,7.551,0.9906848596168984,2025-06-26 23:43:16
23247.0,-117.2,7.593,7.515,0.9897273804820228,2025-06-26 23:43:22
23462.3,-117.5,7.558,7.489,0.9908706006880128,2025-06-26 23:43:29
23679.6,-117.6,7.532,7.463,0.9908390865639936,2025-06-26 23:43:36
23898.9,-117.7,7.508,7.434,0.9901438465636656,2025-06-26 23:43:42
24120.3,-117.6,7.474,7.407,0.991035590045491,2025-06-26 23:43:49
24343.7,-117.4,7.507,7.381,0.9832156653789796,2025-06-26 23:43:56
24569.2,-117.8,7.479,7.34,0.981414627624014,2025-06-26 23:44:02
24796.7,-117.5,7.443,7.314,0.9826682789197904,2025-06-26 23:44:08
25026.4,-117.3,7.414,7.289,0.9831400053951984,2025-06-26 23:44:15
25258.2,-117.9,7.399,7.258,0.9809433707257738,2025-06-26 23:44:22
25492.1,-117.2,7.36,7.24,0.9836956521739132,2025-06-26 23:44:29
25728.3,-117.6,7.335,7.21,0.9829584185412408,2025-06-26 23:44:36
25966.6,-117.3,7.307,7.181,0.9827562611194745,2025-06-26 23:44:43
26207.1,-117.2,7.284,7.156,0.9824272377814388,2025-06-26 23:44:50
26449.8,-117.6,7.25,7.126,0.982896551724138,2025-06-26 23:44:57
26694.8,-117.4,7.222,7.101,0.9832456383273332,2025-06-26 23:45:04
26942.0,-117.4,7.202,7.075,0.9823660094418216,2025-06-26 23:45:11
27191.6,-117.7,7.177,7.056,0.9831405879894108,2025-06-26 23:45:18
27443.4,-117.2,7.148,7.035,0.9841913822048126,2025-06-26 23:45:25
27697.6,-117.6,7.123,7.01,0.9841358977958724,2025-06-26 23:45:32
27954.2,-117.2,7.093,6.989,0.9853376568447764,2025-06-26 23:45:39
28213.1,-117.7,7.07,6.967,0.9854314002828852,2025-06-26 23:45:46
28474.4,-117.7,7.042,6.944,0.9860834990059644,2025-06-26 23:45:53
28738.1,-117.7,7.033,6.916,0.9833641404805916,2025-06-26 23:46:00
29004.3,-117.7,7.004,6.89,0.9837235865219874,2025-06-26 23:46:07
29272.9,-117.4,6.974,6.871,0.9852308574706052,2025-06-26 23:46:14
29544.1,-117.7,6.961,6.85,0.9840540152276972,2025-06-26 23:46:21
29817.7,-117.7,6.921,6.829,0.9867071232480856,2025-06-26 23:46:28
30093.9,-117.4,6.906,6.812,0.9863886475528528,2025-06-26 23:46:35
30372.6,-117.7,6.881,6.788,0.9864845225984596,2025-06-26 23:46:42
30654.0,-117.4,6.862,6.774,0.9871757505100552,2025-06-26 23:46:49
30937.9,-117.7,6.843,6.755,0.9871401432120416,2025-06-26 23:46:56
31224.4,-117.6,6.826,6.724,0.9850571344857896,2025-06-26 23:47:03
31513.6,-117.7,6.8,6.709,0.9866176470588236,2025-06-26 23:47:10
31805.5,-117.7,6.781,6.691,0.9867276212947944,2025-06-26 23:47:17
32100.1,-117.2,6.757,6.679,0.9884564155690396,2025-06-26 23:47:24
32397.4,-117.4,6.743,6.662,0.9879875426368084,2025-06-26 23:47:31
32697.5,-117.9,6.729,6.636,0.9861792242532322,2025-06-26 23:47:38
33000.3,-117.4,6.7,6.631,0.9897014925373134,2025-06-26 23:47:45
33306.0,-117.4,6.686,6.606,0.9880346993718218,2025-06-26 23:47:52
33614.5,-117.6,6.667,6.591,0.9886005699715016,2025-06-26 23:47:59
33925.8,-117.5,6.648,6.57,0.9882671480144404,2025-06-26 23:48:06
34240.1,-117.2,6.637,6.555,0.9876450203405152,2025-06-26 23:48:13
34557.2,-117.4,6.613,6.537,0.9885074852563132,2025-06-26 23:48:20
34877.3,-117.2,6.594,6.532,0.9905975128905063,2025-06-26 23:48:27
35200.3,-117.9,6.58,6.511,0.9895136778115502,2025-06-26 23:48:34
35526.3,-117.2,6.573,6.506,0.9898067853339418,2025-06-26 23:48:41
35855.4,-117.6,6.549,6.485,0.9902275156512444,2025-06-26 23:48:48
36187.5,-117.5,6.533,6.471,0.9905097198836676,2025-06-26 23:48:55
36522.7,-117.5,6.509,6.45,0.990935627592564,2025-06-26 23:49:02
36861.0,-117.4,6.491,6.435,0.9913726698505624,2025-06-26 23:49:09
37202.4,-117.2,6.485,6.426,0.9909020817270624,2025-06-26 23:49:16
37546.9,-117.3,6.474,6.404,0.9891875193080012,2025-06-26 23:49:23
37894.7,-117.2,6.462,6.393,0.989322191272052,2025-06-26 23:49:30
38245.7,-117.3,6.448,6.388,0.9906947890818858,2025-06-26 23:49:37
38599.9,-117.6,6.426,6.367,0.990818549642079,2025-06-26 23:49:44
38957.5,-117.5,6.417,6.359,0.9909615084930652,2025-06-26 23:49:51
39318.3,-117.4,6.404,6.354,0.9921923797626484,2025-06-26 23:49:58
39682.5,-117.3,6.386,6.325,0.9904478546821172,2025-06-26 23:50:05
40050.0,-117.2,6.373,6.314,0.990742193629374,2025-06-26 23:50:12
40421.0,-117.6,6.368,6.311,0.9910489949748744,2025-06-26 23:50:19
40795.3,-117.6,6.351,6.301,0.9921272240592032,2025-06-26 23:50:26
41173.2,-117.6,6.335,6.291,0.993054459352802,2025-06-26 23:50:33
41554.6,-117.6,6.323,6.28,0.993199430650008,2025-06-26 23:50:40
41939.4,-117.7,6.312,6.261,0.9919201520912548,2025-06-26 23:50:47
42327.9,-117.2,6.298,6.256,0.99333121625913,2025-06-26 23:50:54
42719.9,-117.8,6.283,6.245,0.9939519337895908,2025-06-26 23:51:01
43115.6,-117.8,6.276,6.229,0.9925111536010198,2025-06-26 23:51:08
43515.0,-117.3,6.259,6.223,0.9942482824732384,2025-06-26 23:51:15
43918.0,-117.2,6.252,6.215,0.994081893793986,2025-06-26 23:51:22
44324.8,-117.4,6.239,6.191,0.9923064593684884,2025-06-26 23:51:28
44735.3,-117.3,6.225,6.18,0.9927710843373494,2025-06-26 23:51:35
45149.7,-117.9,6.215,6.169,0.9925985518905872,2025-06-26 23:51:42
45567.9,-117.1,6.208,6.16,0.9922680412371134,2025-06-26 23:51:49
45989.9,-117.6,6.204,6.153,0.991779497098646,2025-06-26 23:51:56
46415.9,-117.3,6.183,6.147,0.9941775836972344,2025-06-26 23:52:03
46845.8,-117.7,6.17,6.137,0.9946515397082656,2025-06-26 23:52:10
47279.7,-117.8,6.163,6.129,0.9944832062307316,2025-06-26 23:52:17
47717.6,-117.7,6.159,6.12,0.9936678032148076,2025-06-26 23:52:24
48159.6,-117.6,6.147,6.11,0.993980803644054,2025-06-26 23:52:30
48605.6,-117.3,6.14,6.106,0.9944625407166124,2025-06-26 23:52:37
49055.8,-117.6,6.128,6.093,0.9942885117493472,2025-06-26 23:52:44
49510.2,-117.6,6.122,6.087,0.9942829140803658,2025-06-26 23:52:50
49968.8,-117.6,6.113,6.073,0.9934565679699002,2025-06-26 23:52:57
50431.6,-117.5,6.105,6.064,0.9932841932841932,2025-06-26 23:53:04
50898.7,-117.2,6.096,6.057,0.9936023622047244,2025-06-26 23:53:11
51370.1,-117.4,6.092,6.054,0.99376231122784,2025-06-26 23:53:18
51845.9,-117.2,6.072,6.043,0.9952239789196312,2025-06-26 23:53:25
52326.1,-117.7,6.069,6.039,0.9950568462679188,2025-06-26 23:53:32
52810.8,-117.1,6.056,6.036,0.9966974900924702,2025-06-26 23:53:39
53299.9,-117.4,6.05,6.024,0.995702479338843,2025-06-26 23:53:46
53793.6,-117.2,6.053,6.014,0.9935569139269784,2025-06-26 23:53:53
54291.9,-117.2,6.032,6.003,0.9951923076923076,2025-06-26 23:54:00
54794.7,-117.5,6.029,6.003,0.9956875103665616,2025-06-26 23:54:07
55302.2,-117.3,6.019,5.993,0.9956803455723544,2025-06-26 23:54:14
55814.5,-117.3,6.006,5.983,0.996170496170496,2025-06-26 23:54:21
56331.4,-117.2,6.0,5.98,0.9966666666666668,2025-06-26 23:54:28
56853.2,-117.0,5.996,5.978,0.9969979986657772,2025-06-26 23:54:35
57379.8,-117.7,5.993,5.967,0.9956616052060736,2025-06-26 23:54:42
57911.2,-117.4,5.977,5.961,0.997323071775138,2025-06-26 23:54:49
58447.6,-117.2,5.979,5.956,0.9961532028767353,2025-06-26 23:54:56
58989.0,-117.9,5.971,5.95,0.9964830011723328,2025-06-26 23:55:03
59535.3,-117.2,5.963,5.944,0.9968136843870534,2025-06-26 23:55:10
60086.8,-117.4,5.959,5.938,0.9964759187783184,2025-06-26 23:55:17
60643.3,-117.4,5.954,5.933,0.9964729593550554,2025-06-26 23:55:24
61205.0,-117.3,5.946,5.926,0.9966363942145982,2025-06-26 23:55:30
61771.9,-117.2,5.941,5.922,0.996801885204511,2025-06-26 23:55:37
62344.0,-117.9,5.938,5.912,0.9956214213539912,2025-06-26 23:55:44
62921.5,-117.7,5.929,5.916,0.9978073874177772,2025-06-26 23:55:51
63504.3,-117.3,5.916,5.902,0.99763353617309,2025-06-26 23:55:58
64092.4,-117.4,5.915,5.903,0.997971259509721,2025-06-26 23:56:05
64686.1,-117.4,5.905,5.892,0.9977984758679086,2025-06-26 23:56:12
65285.2,-117.7,5.898,5.893,0.9991522550016956,2025-06-26 23:56:19
65889.9,-117.4,5.902,5.889,0.9977973568281938,2025-06-26 23:56:26
66500.2,-117.2,5.893,5.873,0.9966061428813848,2025-06-26 23:56:33
67116.1,-117.4,5.887,5.865,0.9962629522677088,2025-06-26 23:56:40
67737.8,-117.2,5.885,5.872,0.9977909940526763,2025-06-26 23:56:47
68365.2,-117.2,5.874,5.869,0.9991487912836228,2025-06-26 23:56:54
68998.4,-117.0,5.874,5.86,0.9976166155941438,2025-06-26 23:57:01
69637.4,-117.4,5.862,5.859,0.9994882292732856,2025-06-26 23:57:08
70282.4,-117.5,5.863,5.855,0.9986355108306328,2025-06-26 23:57:15
70933.4,-117.3,5.849,5.836,0.9977773978457856,2025-06-26 23:57:22
71590.4,-117.0,5.838,5.83,0.998629667694416,2025-06-26 23:57:29
72253.5,-117.4,5.843,5.831,0.9979462604826288,2025-06-26 23:57:36
72922.7,-116.9,5.832,5.838,1.0010288065843622,2025-06-26 23:57:43
73598.1,-117.4,5.83,5.828,0.9996569468267582,2025-06-26 23:57:50
74279.8,-117.4,5.828,5.82,0.9986273164035688,2025-06-26 23:57:57
74967.8,-117.2,5.817,5.818,1.0001719099192024,2025-06-26 23:58:04
75662.2,-117.4,5.82,5.814,0.9989690721649483,2025-06-26 23:58:11
76363.0,-117.4,5.81,5.808,0.9996557659208262,2025-06-26 23:58:18
77070.3,-117.0,5.814,5.805,0.9984520123839008,2025-06-26 23:58:26
77784.1,-117.5,5.801,5.799,0.9996552318565765,2025-06-26 23:58:32
78504.6,-117.4,5.796,5.792,0.9993098688750862,2025-06-26 23:58:39
79231.7,-117.4,5.799,5.787,0.9979306777030522,2025-06-26 23:58:46
79965.5,-117.3,5.793,5.783,0.9982737786984291,2025-06-26 23:58:53
80706.2,-117.4,5.784,5.787,1.00051867219917,2025-06-26 23:59:00
81453.7,-117.4,5.787,5.784,0.9994815966822188,2025-06-26 23:59:07
82208.2,-117.6,5.778,5.779,1.0001730702665284,2025-06-26 23:59:14
82969.6,-117.2,5.774,5.777,1.0005195704883962,2025-06-26 23:59:21
83738.1,-117.5,5.777,5.773,0.9993075990998788,2025-06-26 23:59:28
84513.7,-117.3,5.761,5.769,1.001388647804201,2025-06-26 23:59:35
85296.4,-117.4,5.762,5.763,1.0001735508503993,2025-06-26 23:59:42
86086.5,-117.3,5.758,5.758,1.0,2025-06-26 23:59:49
86883.8,-117.4,5.76,5.757,0.9994791666666668,2025-06-26 23:59:56
87688.6,-117.5,5.754,5.75,0.99930483142162,2025-06-27 00:00:03
88500.7,-117.1,5.744,5.753,1.0015668523676882,2025-06-27 00:00:10
89320.5,-117.0,5.736,5.761,1.004358437935844,2025-06-27 00:00:17
90147.8,-117.4,5.735,5.74,1.000871839581517,2025-06-27 00:00:24
90982.7,-117.2,5.726,5.738,1.0020957038071954,2025-06-27 00:00:31
91825.4,-117.4,5.722,5.736,1.002446696959105,2025-06-27 00:00:38
92675.9,-117.4,5.726,5.73,1.000698567935732,2025-06-27 00:00:45
93534.3,-117.6,5.726,5.723,0.9994760740482012,2025-06-27 00:00:52
94400.6,-117.5,5.72,5.723,1.0005244755244755,2025-06-27 00:00:59
95275.0,-117.4,5.715,5.72,1.0008748906386702,2025-06-27 00:01:05
96157.5,-117.1,5.713,5.72,1.0012252756870297,2025-06-27 00:01:12
97048.1,-117.5,5.71,5.725,1.0026269702276709,2025-06-27 00:01:19
97947.0,-117.0,5.705,5.713,1.0014022787028922,2025-06-27 00:01:25
98854.2,-117.6,5.694,5.719,1.0043905865823677,2025-06-27 00:01:32
99769.8,-116.6,5.701,5.708,1.0012278547623226,2025-06-27 00:01:39
100693.9,-117.3,5.691,5.714,1.0040414689861186,2025-06-27 00:01:46
101626.5,-117.0,5.69,5.703,1.002284710017575,2025-06-27 00:01:53
102567.8,-117.0,5.686,5.699,1.002286317270489,2025-06-27 00:02:00
103517.8,-117.0,5.685,5.707,1.0038698328935796,2025-06-27 00:02:07
104476.6,-117.0,5.68,5.693,1.002288732394366,2025-06-27 00:02:14
105444.3,-117.3,5.681,5.691,1.0017602534765009,2025-06-27 00:02:21
106420.9,-117.2,5.681,5.696,1.0026403802147508,2025-06-27 00:02:28
107406.6,-117.2,5.666,5.683,1.0030003529827038,2025-06-27 00:02:35
108401.4,-117.4,5.671,5.688,1.0029977076353376,2025-06-27 00:02:42
109405.5,-116.9,5.666,5.681,1.0026473702788563,2025-06-27 00:02:49
110418.8,-117.4,5.654,5.677,1.0040679165192783,2025-06-27 00:02:56
111441.5,-117.2,5.667,5.682,1.0026469031233458,2025-06-27 00:03:03
112473.7,-117.1,5.648,5.68,1.0056657223796035,2025-06-27 00:03:10
113515.5,-117.5,5.651,5.674,1.004070076092727,2025-06-27 00:03:17
114566.9,-117.4,5.651,5.676,1.004423995752964,2025-06-27 00:03:24
115628.0,-117.3,5.657,5.67,1.002298037829238,2025-06-27 00:03:31
116699.0,-117.2,5.638,5.668,1.005321035828308,2025-06-27 00:03:38
117779.9,-117.4,5.642,5.655,1.0023041474654375,2025-06-27 00:03:45
118870.8,-117.0,5.631,5.662,1.005505238856331,2025-06-27 00:03:52
119971.8,-117.4,5.63,5.66,1.005328596802842,2025-06-27 00:03:59
121083.0,-117.2,5.626,5.654,1.0049768929968006,2025-06-27 00:04:06
122204.5,-117.0,5.621,5.654,1.0058708414872797,2025-06-27 00:04:13
123336.3,-117.2,5.622,5.654,1.0056919245819993,2025-06-27 00:04:20
124478.7,-117.2,5.617,5.648,1.005518960299092,2025-06-27 00:04:27
125631.7,-117.2,5.623,5.642,1.0033789791926018,2025-06-27 00:04:34
126795.3,-117.5,5.607,5.644,1.0065988942393436,2025-06-27 00:04:41
127969.7,-117.0,5.608,5.642,1.0060627674750358,2025-06-27 00:04:48
129155.0,-117.3,5.602,5.632,1.0053552302749018,2025-06-27 00:04:55
130351.2,-117.4,5.609,5.632,1.0041005526831877,2025-06-27 00:05:02
131558.6,-117.4,5.598,5.62,1.0039299749910682,2025-06-27 00:05:09
132777.1,-117.5,5.591,5.63,1.006975496333393,2025-06-27 00:05:16
134006.9,-116.6,5.592,5.636,1.0078683834048645,2025-06-27 00:05:23
135248.1,-117.4,5.593,5.618,1.0044698730556052,2025-06-27 00:05:30
136500.8,-117.4,5.583,5.612,1.0051943399605947,2025-06-27 00:05:36
137765.1,-117.3,5.58,5.605,1.004480286738351,2025-06-27 00:05:44
139041.1,-117.4,5.577,5.603,1.0046620046620047,2025-06-27 00:05:50
140328.9,-117.2,5.588,5.609,1.0037580529706511,2025-06-27 00:05:57
141628.7,-117.4,5.569,5.595,1.0046687017417848,2025-06-27 00:06:04
142940.5,-117.2,5.569,5.593,1.0043095708385708,2025-06-27 00:06:12
144264.4,-116.7,5.567,5.596,1.0052092689060534,2025-06-27 00:06:19
145600.6,-117.5,5.569,5.585,1.0028730472257137,2025-06-27 00:06:26
146949.2,-117.2,5.561,5.583,1.0039561229994605,2025-06-27 00:06:33
148310.3,-117.0,5.564,5.579,1.0026959022286124,2025-06-27 00:06:39
149683.9,-117.4,5.558,5.583,1.004498020870817,2025-06-27 00:06:46
151070.3,-117.2,5.562,5.577,1.0026968716289104,2025-06-27 00:06:53
152469.6,-117.3,5.558,5.571,1.0023389708528248,2025-06-27 00:07:00
153881.8,-117.3,5.548,5.563,1.002703677000721,2025-06-27 00:07:08
155307.1,-117.0,5.548,5.567,1.0034246575342467,2025-06-27 00:07:15
156745.5,-117.2,5.544,5.571,1.00487012987013,2025-06-27 00:07:22
158197.3,-117.6,5.538,5.557,1.0034308414590103,2025-06-27 00:07:29
159662.6,-117.2,5.531,5.56,1.0052431748327608,2025-06-27 00:07:36
161141.4,-117.4,5.527,5.551,1.0043423195223449,2025-06-27 00:07:43
162634.0,-117.3,5.53,5.549,1.0034358047016274,2025-06-27 00:07:50
164140.3,-117.2,5.532,5.551,1.0034345625451917,2025-06-27 00:07:57
165660.6,-117.1,5.513,5.552,1.0070741882822418,2025-06-27 00:08:03
167195.0,-116.8,5.518,5.548,1.0054367524465386,2025-06-27 00:08:10
168743.6,-116.9,5.507,5.537,1.0054476121300164,2025-06-27 00:08:18
170306.5,-117.2,5.51,5.538,1.0050816696914702,2025-06-27 00:08:24
171883.9,-117.4,5.501,5.538,1.0067260498091255,2025-06-27 00:08:32
173475.9,-116.7,5.504,5.532,1.0050872093023258,2025-06-27 00:08:38
175082.7,-120.0,5.5,5.532,1.0058181818181815,2025-06-27 00:08:46
176704.4,-117.0,5.485,5.528,1.0078395624430263,2025-06-27 00:08:53
178341.0,-116.7,5.488,5.515,1.004919825072886,2025-06-27 00:08:59
179992.9,-117.4,5.488,5.511,1.0041909620991254,2025-06-27 00:09:06
181660.0,-116.9,5.484,5.526,1.0076586433260393,2025-06-27 00:09:13
183342.5,-117.2,5.471,5.508,1.006762931822336,2025-06-27 00:09:20
185040.7,-117.2,5.482,5.508,1.0047427946005107,2025-06-27 00:09:27
186754.6,-117.3,5.474,5.502,1.0051150895140664,2025-06-27 00:09:34
188484.3,-117.6,5.468,5.493,1.004572055596196,2025-06-27 00:09:41
190230.1,-116.4,5.454,5.498,1.0080674734140085,2025-06-27 00:09:47
191992.1,-117.2,5.456,5.49,1.006231671554252,2025-06-27 00:09:54
193770.3,-117.2,5.457,5.495,1.006963533076782,2025-06-27 00:10:00
195565.1,-117.0,5.444,5.489,1.0082659808963996,2025-06-27 00:10:07
197376.4,-117.2,5.434,5.487,1.0097534044902463,2025-06-27 00:10:13
199204.6,-117.1,5.439,5.485,1.0084574370288657,2025-06-27 00:10:20
201049.6,-117.0,5.428,5.477,1.009027266028003,2025-06-27 00:10:27
202911.8,-117.2,5.433,5.477,1.008098656359286,2025-06-27 00:10:33
204791.2,-116.9,5.418,5.464,1.0084902177925434,2025-06-27 00:10:40
206688.0,-116.9,5.415,5.455,1.0073868882733148,2025-06-27 00:10:46
208602.4,-117.2,5.404,5.456,1.0096225018504812,2025-06-27 00:10:53
210534.5,-117.4,5.405,5.448,1.0079555966697502,2025-06-27 00:10:59
212484.5,-116.6,5.401,5.451,1.0092575448990928,2025-06-27 00:11:06
214452.6,-117.1,5.392,5.443,1.0094584569732936,2025-06-27 00:11:12
216438.9,-117.3,5.391,5.434,1.00797625672417,2025-06-27 00:11:19
218443.6,-117.4,5.393,5.435,1.0077878731689227,2025-06-27 00:11:26
220466.9,-117.1,5.373,5.429,1.0104224827842918,2025-06-27 00:11:32
222508.9,-117.2,5.368,5.424,1.0104321907600595,2025-06-27 00:11:39
224569.8,-117.4,5.364,5.418,1.01006711409396,2025-06-27 00:11:45
226649.8,-117.1,5.356,5.411,1.010268857356236,2025-06-27 00:11:52
228749.1,-117.6,5.349,5.408,1.011030099083941,2025-06-27 00:11:59
230867.8,-117.1,5.346,5.393,1.008791619902731,2025-06-27 00:12:05
233006.1,-117.1,5.337,5.4,1.011804384485666,2025-06-27 00:12:12
235164.3,-116.8,5.333,5.39,1.0106881680105009,2025-06-27 00:12:18
237342.4,-117.2,5.329,5.38,1.0095702758491274,2025-06-27 00:12:25
239540.7,-117.0,5.326,5.378,1.0097634247089748,2025-06-27 00:12:31
241759.4,-117.0,5.315,5.377,1.011665098777046,2025-06-27 00:12:37
243998.6,-117.1,5.31,5.361,1.009604519774011,2025-06-27 00:12:44
246258.6,-116.7,5.306,5.362,1.0105540897097625,2025-06-27 00:12:50
248539.5,-117.1,5.302,5.356,1.010184835910977,2025-06-27 00:12:56
250841.5,-116.7,5.287,5.34,1.0100245886135806,2025-06-27 00:13:03
253164.8,-117.1,5.276,5.347,1.0134571645185748,2025-06-27 00:13:09
255509.7,-117.1,5.276,5.335,1.0111827141774072,2025-06-27 00:13:16
257876.3,-117.0,5.266,5.335,1.0131029244208127,2025-06-27 00:13:22
260264.8,-117.5,5.267,5.317,1.009493070058857,2025-06-27 00:13:28
262675.4,-117.0,5.251,5.315,1.012188154637212,2025-06-27 00:13:35
265108.4,-117.2,5.25,5.313,1.012,2025-06-27 00:13:41
267563.8,-116.8,5.244,5.309,1.0123951182303583,2025-06-27 00:13:48
270042.1,-117.0,5.234,5.295,1.011654566297287,2025-06-27 00:13:54
272543.3,-116.9,5.234,5.291,1.010890332441727,2025-06-27 00:14:01
275067.6,-117.0,5.218,5.278,1.0114986584898429,2025-06-27 00:14:07
277615.3,-117.2,5.22,5.28,1.011494252873563,2025-06-27 00:14:13
280186.7,-117.2,5.211,5.271,1.0115141047783534,2025-06-27 00:14:20
282781.8,-117.0,5.203,5.256,1.010186430905247,2025-06-27 00:14:26
285401.0,-117.0,5.195,5.249,1.0103946102021173,2025-06-27 00:14:33
288044.4,-117.0,5.179,5.234,1.0106198107742808,2025-06-27 00:14:39
290712.3,-119.0,5.169,5.234,1.012574966144322,2025-06-27 00:14:45
293405.0,-117.0,5.16,5.223,1.0122093023255814,2025-06-27 00:14:52
296122.5,-117.0,5.154,5.213,1.0114474194800156,2025-06-27 00:14:58
298865.3,-117.0,5.147,5.207,1.0116572760831553,2025-06-27 00:15:04
301633.4,-117.0,5.135,5.197,1.0120740019474197,2025-06-27 00:15:11
304427.2,-117.0,5.127,5.191,1.01248293348937,2025-06-27 00:15:17
307246.9,-117.0,5.119,5.18,1.0119163899199062,2025-06-27 00:15:23
310092.7,-117.0,5.104,5.168,1.012539184952978,2025-06-27 00:15:30
312964.8,-117.0,5.101,5.168,1.0131346794746128,2025-06-27 00:15:36
315863.5,-117.0,5.098,5.148,1.0098077677520596,2025-06-27 00:15:43
318789.1,-117.0,5.087,5.147,1.0117947709848634,2025-06-27 00:15:49
321741.8,-117.0,5.077,5.127,1.0098483356312782,2025-06-27 00:15:55
324721.8,-116.0,5.056,5.134,1.0154272151898736,2025-06-27 00:16:02
327729.5,-117.0,5.049,5.109,1.011883541295306,2025-06-27 00:16:08
330765.0,-117.0,5.041,5.102,1.0121007736560206,2025-06-27 00:16:14
333828.6,-117.0,5.028,5.088,1.0119331742243438,2025-06-27 00:16:20
336920.6,-117.0,5.021,5.085,1.01274646484764,2025-06-27 00:16:27
340041.2,-117.0,5.015,5.073,1.011565304087737,2025-06-27 00:16:33
343190.7,-117.0,5.006,5.062,1.0111865761086696,2025-06-27 00:16:39
346369.4,-117.0,4.994,5.045,1.010212254705647,2025-06-27 00:16:45
349577.6,-117.0,4.979,5.041,1.012452299658566,2025-06-27 00:16:51
352815.4,-117.0,4.97,5.029,1.0118712273641852,2025-06-27 00:16:58
356083.3,-117.0,4.959,5.018,1.011897559991934,2025-06-27 00:17:04
359381.4,-117.0,4.94,5.006,1.0133603238866395,2025-06-27 00:17:10
362710.0,-117.0,4.929,5.001,1.014607425441266,2025-06-27 00:17:16
366069.5,-117.0,4.919,4.983,1.0130107745476724,2025-06-27 00:17:22
369460.1,-117.0,4.903,4.97,1.0136651029981645,2025-06-27 00:17:28
372882.1,-117.0,4.898,4.958,1.0122498979175174,2025-06-27 00:17:35
376335.8,-117.0,4.885,4.951,1.013510747185261,2025-06-27 00:17:41
379821.5,-117.0,4.865,4.939,1.0152106885919836,2025-06-27 00:17:47
383339.5,-117.0,4.86,4.917,1.0117283950617282,2025-06-27 00:17:53
386890.1,-116.0,4.844,4.916,1.0148637489677952,2025-06-27 00:18:00
390473.5,-116.0,4.83,4.903,1.0151138716356107,2025-06-27 00:18:07
394090.2,-117.0,4.822,4.889,1.0138946495230194,2025-06-27 00:18:14
397740.3,-117.0,4.815,4.86,1.0093457943925233,2025-06-27 00:18:21
401424.2,-117.0,4.786,4.853,1.0139991642290014,2025-06-27 00:18:29
405142.3,-117.0,4.786,4.845,1.0123276222315083,2025-06-27 00:18:37
408894.8,-117.0,4.772,4.825,1.0111064543168482,2025-06-27 00:18:45
412682.1,-117.0,4.753,4.815,1.013044393014938,2025-06-27 00:18:52
416504.4,-117.0,4.745,4.794,1.010326659641728,2025-06-27 00:19:00
420362.2,-117.0,4.728,4.779,1.010786802030457,2025-06-27 00:19:07
424255.6,-116.0,4.707,4.771,1.0135967707669429,2025-06-27 00:19:15
428185.2,-117.0,4.699,4.762,1.0134071078952969,2025-06-27 00:19:23
432151.1,-117.0,4.684,4.739,1.0117421007685738,2025-06-27 00:19:30
436153.8,-116.0,4.661,4.722,1.0130873203175286,2025-06-27 00:19:38
440193.5,-117.0,4.663,4.711,1.0102938022732146,2025-06-27 00:19:46
444270.7,-117.0,4.644,4.711,1.01442721791559,2025-06-27 00:19:53
448385.6,-116.0,4.631,4.692,1.0131721010580867,2025-06-27 00:20:01
452538.6,-117.0,4.617,4.678,1.0132120424518083,2025-06-27 00:20:09
456730.1,-117.0,4.587,4.658,1.015478526269893,2025-06-27 00:20:16
460960.4,-117.0,4.573,4.638,1.0142138639842553,2025-06-27 00:20:24
465230.0,-116.0,4.555,4.615,1.013172338090011,2025-06-27 00:20:32
469539.0,-117.0,4.53,4.59,1.0132450331125826,2025-06-27 00:20:39
473888.0,-117.0,4.515,4.573,1.0128460686600222,2025-06-27 00:20:47
478277.2,-117.0,4.501,4.553,1.0115529882248389,2025-06-27 00:20:55
482707.1,-117.0,4.476,4.538,1.013851653261841,2025-06-27 00:21:02
487178.0,-116.0,4.463,4.512,1.0109791619986557,2025-06-27 00:21:10
491690.4,-116.0,4.431,4.501,1.0157977883096367,2025-06-27 00:21:17
496244.5,-116.0,4.419,4.485,1.0149355057705365,2025-06-27 00:21:25
500840.8,-116.0,4.393,4.454,1.0138857272934214,2025-06-27 00:21:32
505479.7,-117.0,4.374,4.442,1.015546410608139,2025-06-27 00:21:40
510161.5,-117.0,4.351,4.411,1.0137899333486553,2025-06-27 00:21:48
514886.7,-117.0,4.333,4.398,1.015001153934918,2025-06-27 00:21:55
519655.7,-116.0,4.307,4.37,1.0146273508242396,2025-06-27 00:22:03
524468.9,-119.0,4.287,4.352,1.015162118031257,2025-06-27 00:22:10
529326.6,-117.0,4.27,4.33,1.0140515222482436,2025-06-27 00:22:17
534229.3,-116.0,4.242,4.304,1.0146157472890147,2025-06-27 00:22:25
539177.5,-118.0,4.22,4.281,1.0144549763033175,2025-06-27 00:22:32
544171.4,-116.0,4.201,4.265,1.0152344679838134,2025-06-27 00:22:40
549211.6,-117.0,4.174,4.245,1.0170100622903688,2025-06-27 00:22:47
554298.6,-117.0,4.158,4.211,1.0127465127465127,2025-06-27 00:22:55
559432.6,-116.0,4.128,4.2,1.0174418604651163,2025-06-27 00:23:02
564614.1,-116.0,4.1,4.174,1.0180487804878051,2025-06-27 00:23:10
569843.7,-116.0,4.078,4.146,1.0166748406081412,2025-06-27 00:23:17
575121.7,-117.0,4.057,4.124,1.0165146660093662,2025-06-27 00:23:25
580448.6,-117.0,4.039,4.102,1.0155979202772965,2025-06-27 00:23:32
585824.8,-116.0,4.008,4.072,1.0159680638722557,2025-06-27 00:23:40
591250.8,-117.0,3.988,4.054,1.0165496489468406,2025-06-27 00:23:47
596727.1,-116.0,3.966,4.037,1.0179021684316691,2025-06-27 00:23:55
602254.1,-117.0,3.941,3.997,1.014209591474245,2025-06-27 00:24:02
607832.3,-116.0,3.917,3.982,1.0165943323972428,2025-06-27 00:24:10
613462.2,-116.0,3.899,3.959,1.0153885611695306,2025-06-27 00:24:17
619144.2,-117.0,3.861,3.933,1.0186480186480185,2025-06-27 00:24:25
624878.8,-116.0,3.843,3.915,1.018735362997658,2025-06-27 00:24:32
630666.6,-117.0,3.821,3.889,1.0177963883800052,2025-06-27 00:24:40
636507.9,-116.0,3.792,3.862,1.0184599156118144,2025-06-27 00:24:47
642403.4,-120.0,3.765,3.838,1.0193891102257635,2025-06-27 00:24:55
648353.4,-117.0,3.739,3.812,1.0195239368815192,2025-06-27 00:25:02
654358.6,-117.0,3.719,3.781,1.016671148158107,2025-06-27 00:25:09
660419.4,-116.0,3.691,3.765,1.0200487672717422,2025-06-27 00:25:17
666536.3,-117.0,3.667,3.74,1.0199072811562586,2025-06-27 00:25:24
672709.9,-115.0,3.676,3.714,1.010337323177367,2025-06-27 00:25:32
678940.7,-116.0,3.651,3.72,1.0188989317995072,2025-06-27 00:25:39
685229.2,-115.0,3.627,3.693,1.0181968569065345,2025-06-27 00:25:47
691575.9,-116.0,3.602,3.669,1.018600777345919,2025-06-27 00:25:54
697981.4,-117.0,3.571,3.637,1.018482217866144,2025-06-27 00:26:01
704446.2,-116.0,3.542,3.607,1.018351214003388,2025-06-27 00:26:09
710970.9,-117.0,3.511,3.579,1.0193677015095417,2025-06-27 00:26:16
717556.1,-117.0,3.484,3.548,1.0183696900114811,2025-06-27 00:26:24
724202.2,-117.0,3.453,3.524,1.0205618302924993,2025-06-27 00:26:31
730909.9,-117.0,3.419,3.492,1.0213512723018423,2025-06-27 00:26:39
737679.8,-116.0,3.394,3.469,1.0220978196817914,2025-06-27 00:26:46
744512.3,-117.0,3.358,3.435,1.0229303156640857,2025-06-27 00:26:54
751408.1,-117.0,3.336,3.401,1.019484412470024,2025-06-27 00:27:01
758367.8,-121.0,3.309,3.373,1.019341190692052,2025-06-27 00:27:08
765391.9,-117.0,3.278,3.35,1.0219646125686397,2025-06-27 00:27:16
772481.1,-116.0,3.253,3.314,1.0187519213034122,2025-06-27 00:27:23
779636.0,-117.0,3.217,3.288,1.0220702517873794,2025-06-27 00:27:31
786857.2,-117.0,3.189,3.259,1.0219504546879898,2025-06-27 00:27:38
794145.2,-116.0,3.158,3.233,1.0237492083597215,2025-06-27 00:27:46
801500.7,-115.0,3.129,3.203,1.0236497283477148,2025-06-27 00:27:53
808924.3,-116.0,3.106,3.166,1.0193174500965874,2025-06-27 00:28:01
816416.8,-116.0,3.07,3.14,1.022801302931596,2025-06-27 00:28:08
823978.6,-116.0,3.046,3.113,1.0219960604070912,2025-06-27 00:28:16
831610.4,-117.0,3.017,3.09,1.0241962214119986,2025-06-27 00:28:23
839312.9,-116.0,2.989,3.056,1.0224155235864838,2025-06-27 00:28:30
847086.8,-116.0,2.959,3.027,1.0229807367353836,2025-06-27 00:28:38
854932.7,-116.0,2.927,2.999,1.0245985650837035,2025-06-27 00:28:45
862851.3,-116.0,2.896,2.97,1.0255524861878451,2025-06-27 00:28:53
870843.1,-115.0,2.868,2.94,1.0251046025104602,2025-06-27 00:29:00
878909.1,-116.0,2.84,2.916,1.0267605633802817,2025-06-27 00:29:08
887049.7,-117.0,2.813,2.883,1.0248844649840028,2025-06-27 00:29:16
895265.7,-116.0,2.784,2.854,1.0251436781609196,2025-06-27 00:29:24
903557.8,-116.0,2.753,2.829,1.0276062477297494,2025-06-27 00:29:31
911926.8,-116.0,2.723,2.8,1.0282776349614395,2025-06-27 00:29:39
920373.2,-116.0,2.692,2.77,1.0289747399702822,2025-06-27 00:29:47
928897.9,-116.0,2.673,2.742,1.0258136924803591,2025-06-27 00:29:55
937501.5,-116.0,2.644,2.712,1.0257186081694405,2025-06-27 00:30:02
946184.8,-116.0,2.613,2.683,1.0267891312667432,2025-06-27 00:30:10
954948.6,-116.0,2.589,2.663,1.0285824642719197,2025-06-27 00:30:18
963793.5,-115.0,2.565,2.632,1.026120857699805,2025-06-27 00:30:25
972720.3,-116.0,2.535,2.603,1.0268244575936885,2025-06-27 00:30:33
981729.8,-116.0,2.507,2.575,1.027124052652573,2025-06-27 00:30:41
990822.8,-119.0,2.477,2.543,1.0266451352442472,2025-06-27 00:30:48
1000000.0,-115.9,2.447,2.515,1.0277891295463832,2025-06-27 00:30:57
