X In-Phase_x,X In-Phase_y,X Quadrature_x,X Quadrature_y,Y In-Phase_x,Y In-Phase_y,Y Quadrature_x,Y Quadrature_y,Z In-Phase_x,Z In-Phase_y,Z Quadrature_x,Z Quadrature_y
0.,1.1848137258,0.,-0.1068992984,0.,2.4297428215,0.,-0.2170831648,0.,-1.3377536523,0.,-0.0996489433
0.1941819191,1.1847988255,0.1941819191,-0.1069308218,0.1941819191,2.4296353471,0.1941819191,-0.2171365134,0.1941819191,-1.3377638488,0.1941819191,-0.0996541926
0.3797659874,1.1848065256,0.3797659874,-0.1070423456,0.3797659874,2.4294799465,0.3797659874,-0.2173122802,0.3797659874,-1.3377785202,0.3797659874,-0.0997340526
0.5703840256,1.1847990011,0.5703840256,-0.1068605627,0.5703840256,2.4297884311,0.5703840256,-0.2170163124,0.5703840256,-1.3377927197,0.5703840256,-0.0995319219
0.7691109180,1.184810749,0.7691109180,-0.1069055449,0.7691109180,2.4294752841,0.7691109180,-0.2170004731,0.7691109180,-1.3378104653,0.7691109180,-0.0996650266
0.9564220905,1.1848077277,0.9564220905,-0.1069074154,0.9564220905,2.4298224526,0.9564220905,-0.2170598638,0.9564220905,-1.3378458955,0.9564220905,-0.0996166111
1.1498601437,1.1847733213,1.1498601437,-0.1069384209,1.1498601437,2.4295205838,1.1498601437,-0.2170362728,1.1498601437,-1.3378004468,1.1498601437,-0.0996974021
1.3420031071,1.1847612334,1.3420031071,-0.1068219842,1.3420031071,2.4298253160,1.3420031071,-0.2168978689,1.3420031071,-1.3377606837,1.3420031071,-0.0995974436
1.5321650505,1.1847528754,1.5321650505,-0.1069597178,1.5321650505,2.4298465976,1.5321650505,-0.2170934623,1.5321650505,-1.3377844735,1.5321650505,-0.0996708278
1.7274150848,1.1847584422,1.7274150848,-0.1069644056,1.7274150848,2.4293445311,1.7274150848,-0.2170482789,1.7274150848,-1.3377664594,1.7274150848,-0.0996951641
1.9126629829,1.1847334745,1.9126629829,-0.1068953514,1.9126629829,2.4298026152,1.9126629829,-0.2171017889,1.9126629829,-1.3377202333,1.9126629829,-0.099616413
2.1047761440,1.1847273733,2.1047761440,-0.1069104603,2.1047761440,2.4293659510,2.1047761440,-0.2170881236,2.1047761440,-1.3377231281,2.1047761440,-0.0996422383
2.3010520935,1.1847437927,2.3010520935,-0.1069863213,2.3010520935,2.4297811582,2.3010520935,-0.2172579513,2.3010520935,-1.3377857153,2.3010520935,-0.0996338674
2.4873700142,1.1847425996,2.4873700142,-0.1069661355,2.4873700142,2.4296425901,2.4873700142,-0.2170535468,2.4873700142,-1.3377964763,2.4873700142,-0.0995732506
2.6754291058,1.1847723462,2.6754291058,-0.1069092086,2.6754291058,2.4297129207,2.6754291058,-0.2169506174,2.6754291058,-1.3378124559,2.6754291058,-0.0995487977
2.8714900017,1.1847469171,2.8714900017,-0.106941304,2.8714900017,2.4297464469,2.8714900017,-0.2170206807,2.8714900017,-1.3378125738,2.8714900017,-0.0996027479
3.0674440861,1.1847448428,3.0674440861,-0.107003875,3.0674440861,2.4293186041,3.0674440861,-0.2169314397,3.0674440861,-1.3378171459,3.0674440861,-0.0996298356
3.2566819191,1.1895839587,3.2566819191,0.0000824121,3.2566819191,2.4394867672,3.2566819191,0.0000019176,3.2566819191,-1.3415458113,3.2566819191,0.0000787307
3.4533729553,1.1895404051,3.4533729553,0.0000523996,3.4533729553,2.439322342,3.4533729553,-0.0000132078,3.4533729553,-1.3415114436,3.4533729553,0.0000624197
3.6392481327,1.1895368772,3.6392481327,-0.0000071392,3.6392481327,2.4392351237,3.6392481327,-0.0001727695,3.6392481327,-1.3414939773,3.6392481327,-0.0000057179
3.8275151253,1.1895562703,3.8275151253,0.0001088589,3.8275151253,2.4394170815,3.8275151253,-0.0001268942,3.8275151253,-1.3414779909,3.8275151253,0.000060682
4.0257220268,1.1895886000,4.0257220268,0.0000138278,4.0257220268,2.4389358591,4.0257220268,-0.0002205837,4.0257220268,-1.3415036704,4.0257220268,-0.0000276794
4.2143549919,1.1895793169,4.2143549919,0.0000991496,4.2143549919,2.4394025187,4.2143549919,-0.0000937903,4.2143549919,-1.3414857487,4.2143549919,0.0001007027
4.4049749374,1.1896297938,4.4049749374,0.0000792962,4.4049749374,2.4389800710,4.4049749374,0.0000345221,4.4049749374,-1.3414955628,4.4049749374,0.0000376909
4.6029999256,1.1896538343,4.6029999256,0.0000833104,4.6029999256,2.4394332035,4.6029999256,-0.0000318241,4.6029999256,-1.3415019195,4.6029999256,0.0000235333
4.7879040241,1.1896262566,4.7879040241,0.0000718952,4.7879040241,2.4394155259,4.7879040241,-0.0000130719,4.7879040241,-1.3414716156,4.7879040241,0.0000419390
4.9858229160,1.1895951657,4.9858229160,0.0001474527,4.9858229160,2.4393620385,4.9858229160,0.000115393,4.9858229160,-1.3414721316,4.9858229160,0.0000797976
5.1754460335,1.1895872699,5.1754460335,0.0000446580,5.1754460335,2.4394341599,5.1754460335,-0.0000789749,5.1754460335,-1.3414926154,5.1754460335,0.0000227916
5.3689291477,1.1896042954,5.3689291477,0.0000839712,5.3689291477,2.4389066867,5.3689291477,-0.0000425521,5.3689291477,-1.3414913545,5.3689291477,0.0000114151
5.5517189503,1.1895755969,5.5517189503,0.0001144618,5.5517189503,2.4393910338,5.5517189503,-0.0000559455,5.5517189503,-1.3414728216,5.5517189503,0.0000565173
5.7486500740,1.1895948803,5.7486500740,0.0000521963,5.7486500740,2.4389483058,5.7486500740,-0.0001296878,5.7486500740,-1.3414917235,5.7486500740,-0.0000101238
5.9426000118,1.1896051539,5.9426000118,-0.0000365874,5.9426000118,2.4393415714,5.9426000118,-0.0003327398,5.9426000118,-1.3414834766,5.9426000118,-0.0000725716
6.1366131306,1.1896292906,6.1366131306,0.0001028725,6.1366131306,2.4393761908,6.1366131306,-0.0000452722,6.1366131306,-1.3414773702,6.1366131306,0.0000289358
6.3277590275,1.1896025495,6.3277590275,0.000057989,6.3277590275,2.43893133,6.3277590275,-0.0000384055,6.3277590275,-1.3414425777,6.3277590275,-0.0000645377
6.5177321434,1.1896171751,6.5177321434,0.0000561516,6.5177321434,2.4394186844,6.5177321434,-0.0001434508,6.5177321434,-1.3415094668,6.5177321434,-0.0000261243
6.7063829899,1.1895883324,6.7063829899,0.0000563448,6.7063829899,2.4390405132,6.7063829899,-0.0000486211,6.7063829899,-1.3414721287,6.7063829899,-0.0000389924
6.8991570473,1.1895716459,6.8991570473,0.0002317122,6.8991570473,2.4393852711,6.8991570473,0.0001838598,6.8991570473,-1.3414501756,6.8991570473,0.000120765
7.0909731388,1.1895544128,7.0909731388,0.0000429683,7.0909731388,2.4391330120,7.0909731388,-0.0000776244,7.0909731388,-1.3414437955,7.0909731388,-0.0000336548
7.2838389874,1.1895609546,7.2838389874,0.0000822195,7.2838389874,2.4390220228,7.2838389874,-0.0000761929,7.2838389874,-1.3414363561,7.2838389874,-0.0000072874
7.4751710892,1.1895533868,7.4751710892,0.0000907027,7.4751710892,2.4393199727,7.4751710892,-0.0000997601,7.4751710892,-1.3414271373,7.4751710892,0.0000379743
7.6703310013,1.1895752137,7.6703310013,0.0000480383,7.6703310013,2.4389044343,7.6703310013,-0.0000894966,7.6703310013,-1.3415193567,7.6703310013,0.0000084010
7.8592059612,1.1895759392,7.8592059612,0.0000265085,7.8592059612,2.4393029206,7.8592059612,-0.0001706844,7.8592059612,-1.3414819139,7.8592059612,0.0000016454
8.0505239964,1.1895610982,8.0505239964,0.0000606700,8.0505239964,2.4389637807,8.0505239964,0.0000448658,8.0505239964,-1.3414956875,8.0505239964,0.0000304142
8.2458710670,1.1895698262,8.2458710670,0.0000350407,8.2458710670,2.4393529548,8.2458710670,-0.0000365683,8.2458710670,-1.3414696791,8.2458710670,0.0000020180
8.4358351231,1.1895847301,8.4358351231,0.0000681657,8.4358351231,2.4394198371,8.4358351231,-0.0000109193,8.4358351231,-1.3415048071,8.4358351231,0.0000419254
8.6251749992,1.1895779504,8.6251749992,0.0000964821,8.6251749992,2.4388366122,8.6251749992,0.0000304350,8.6251749992,-1.3414706159,8.6251749992,0.0000323139
8.8204569817,1.1895840271,8.8204569817,0.0000544521,8.8204569817,2.4393661614,8.8204569817,-0.0001174667,8.8204569817,-1.3414803756,8.8204569817,0.0000234554
9.0268390179,1.1913962903,9.0268390179,0.0226249083,9.0268390179,2.438311908,9.0268390179,0.0449655473,9.0268390179,-1.3353379560,9.0268390179,0.0205518581
9.2149000168,1.1914118251,9.2149000168,0.0226565981,9.2149000168,2.4383281858,9.2149000168,0.0449886925,9.2149000168,-1.335338191,9.2149000168,0.0205891296
9.4088261127,1.1914241422,9.4088261127,0.0226022536,9.4088261127,2.437847465,9.4088261127,0.0449750992,9.4088261127,-1.3353646638,9.4088261127,0.0205054402
9.6034939289,1.1913990991,9.6034939289,0.0226885008,9.6034939289,2.4383119046,9.6034939289,0.0450427181,9.6034939289,-1.3353406659,9.6034939289,0.0205976154
9.7938370705,1.1913849893,9.7938370705,0.0226318093,9.7938370705,2.4382567090,9.7938370705,0.0449605922,9.7938370705,-1.3353257344,9.7938370705,0.0205344708
9.9848549366,1.1913619687,9.9848549366,0.0226234605,9.9848549366,2.4379543060,9.9848549366,0.045009377,9.9848549366,-1.3352840054,9.9848549366,0.0205229832
10.1781690121,1.1913950709,10.1781690121,0.0226178766,10.1781690121,2.4383233868,10.1781690121,0.0449169276,10.1781690121,-1.3352902692,10.1781690121,0.0205312428
10.3660480976,1.1913784802,10.3660480976,0.0225829472,10.3660480976,2.4379235381,10.3660480976,0.0449395459,10.3660480976,-1.3353078523,10.3660480976,0.0204736048
10.5566360950,1.1913896415,10.5566360950,0.0226666278,10.5566360950,2.4383164207,10.5566360950,0.0450041066,10.5566360950,-1.3352977926,10.5566360950,0.0205849436
10.7533221245,1.1914075650,10.7533221245,0.022610142,10.7533221245,2.4379446245,10.7533221245,0.0449680601,10.7533221245,-1.3353156132,10.7533221245,0.0204964476
10.9444830418,1.1913883299,10.9444830418,0.0225931824,10.9444830418,2.4380477629,10.9444830418,0.0449221568,10.9444830418,-1.3353206779,10.9444830418,0.0205067247
11.1343259811,1.1914199320,11.1343259811,0.022632113,11.1343259811,2.4383547707,11.1343259811,0.0449634781,11.1343259811,-1.3353241943,11.1343259811,0.020539394
11.3248319626,1.1914023477,11.3248319626,0.0226093836,11.3248319626,2.4378462733,11.3248319626,0.0449541005,11.3248319626,-1.3353441309,11.3248319626,0.0204803406
11.517521143,1.1913929977,11.517521143,0.0225583868,11.517521143,2.4383553779,11.517521143,0.0448414768,11.517521143,-1.3353228949,11.517521143,0.0204962812
11.7035861015,1.1913804606,11.7035861015,0.0225241765,11.7035861015,2.4380245056,11.7035861015,0.0448656289,11.7035861015,-1.3353074615,11.7035861015,0.0204794212
11.9005429745,1.1914125235,11.9005429745,0.0225494327,11.9005429745,2.4383438269,11.9005429745,0.0448598086,11.9005429745,-1.3353239880,11.9005429745,0.0205344409
12.0896260738,1.1916156285,12.0896260738,0.0000644817,12.0896260738,2.4386139501,12.0896260738,0.0001260706,12.0896260738,-1.3354587838,12.0896260738,0.0000485748
12.2865829468,1.1916120723,12.2865829468,0.0000489987,12.2865829468,2.4384028489,12.2865829468,0.0001310653,12.2865829468,-1.335454217,12.2865829468,-0.0000032507
12.4743289948,1.1916044924,12.4743289948,0.0001088618,12.4743289948,2.438700217,12.4743289948,0.000186445,12.4743289948,-1.3354430302,12.4743289948,0.0000677604
12.6705129147,1.1915949803,12.6705129147,0.0000432148,12.6705129147,2.4383207072,12.6705129147,0.000136808,12.6705129147,-1.3354481068,12.6705129147,-0.0000050081
12.8584649563,1.1916054687,12.8584649563,0.0001018889,12.8584649563,2.4386345598,12.8584649563,0.0001696133,12.8584649563,-1.3354378199,12.8584649563,0.0000508669
13.0493419170,1.1916027653,13.0493419170,0.0000680766,13.0493419170,2.4383764973,13.0493419170,0.0001136769,13.0493419170,-1.3354638491,13.0493419170,-0.0000177893
13.2438049316,1.1916049252,13.2438049316,0.0000992606,13.2438049316,2.4386024896,13.2438049316,0.0001754684,13.2438049316,-1.3354797457,13.2438049316,0.0000474471
13.4342560768,1.1915921608,13.4342560768,0.0000961608,13.4342560768,2.4386454668,13.4342560768,0.0001889150,13.4342560768,-1.3354634237,13.4342560768,0.0000587718
13.6272461414,1.1915946893,13.6272461414,0.0000432105,13.6272461414,2.4381407094,13.6272461414,0.0001836833,13.6272461414,-1.3354661728,13.6272461414,-0.0000148741
13.8136370182,1.1916089144,13.8136370182,0.0001051423,13.8136370182,2.4386780702,13.8136370182,0.0002252764,13.8136370182,-1.3354997918,13.8136370182,0.0000704799
14.0117759705,1.1915995344,14.0117759705,0.0000502694,14.0117759705,2.4381921845,14.0117759705,0.0001541129,14.0117759705,-1.3354783841,14.0117759705,-0.0000061194
14.1976759434,1.1916013636,14.1976759434,0.0001038663,14.1976759434,2.4385937334,14.1976759434,0.0002144077,14.1976759434,-1.3354837998,14.1976759434,0.0000596808
14.3895409107,1.1916031928,14.3895409107,0.0000785640,14.3895409107,2.4383519891,14.3895409107,0.0001926637,14.3895409107,-1.3354797860,14.3895409107,0.0000244496
14.5863721371,1.1916067899,14.5863721371,0.0000518322,14.5863721371,2.4382377722,14.5863721371,0.000168745,14.5863721371,-1.3354990278,14.5863721371,0.0000081812
14.7736530304,1.1915935099,14.7736530304,0.0000836616,14.7736530304,2.4385925333,14.7736530304,0.0001465674,14.7736530304,-1.3354750726,14.7736530304,0.0000561722
14.970042944,1.1915844156,14.970042944,0.0000488816,14.970042944,2.4381083525,14.970042944,0.0001528551,14.970042944,-1.3354905846,14.970042944,0.0000087486
15.1547560692,1.1915971607,15.1547560692,0.0000927409,15.1547560692,2.4385495259,15.1547560692,0.0001730038,15.1547560692,-1.3354741636,15.1547560692,0.0000765483
15.3528101444,1.1915846905,15.3528101444,0.0001091518,15.3528101444,2.4381853652,15.3528101444,0.0002055859,15.3528101444,-1.3354302674,15.3528101444,0.0000415382
15.5407531261,1.1915864563,15.5407531261,0.0001473173,15.5407531261,2.4383753223,15.5407531261,0.0002956166,15.5407531261,-1.3354569325,15.5407531261,0.0001082490
15.7336030006,1.1915935001,15.7336030006,0.0001829405,15.7336030006,2.4384876425,15.7336030006,0.0003381516,15.7336030006,-1.3354490113,15.7336030006,0.0001431683
15.9273531437,1.1915850546,15.9273531437,0.0001042078,15.9273531437,2.4381327373,15.9273531437,0.0002336914,15.9273531437,-1.3354730706,15.9273531437,0.0000357910
16.1185541153,1.1915922295,16.1185541153,0.0000915035,16.1185541153,2.4385645854,16.1185541153,0.0001466333,16.1185541153,-1.3354733341,16.1185541153,0.0000515114
16.3103840351,1.1916028093,16.3103840351,0.0000453683,16.3103840351,2.4381372511,16.3103840351,0.0001431899,16.3103840351,-1.3355074888,16.3103840351,-0.0000025750
16.5028970242,1.1915911555,16.5028970242,0.0000064746,16.5028970242,2.438454413,16.5028970242,0.0000543344,16.5028970242,-1.3354685354,16.5028970242,-0.0000340832
16.6909489632,1.1915948514,16.6909489632,0.0000519471,16.6909489632,2.4385795767,16.6909489632,0.0000926061,16.6909489632,-1.3354960958,16.6909489632,0.0000201115
16.8852510452,1.1915941930,16.8852510452,0.0000373803,16.8852510452,2.438319613,16.8852510452,0.0000919669,16.8852510452,-1.3354606168,16.8852510452,-0.0000006195
17.0732059479,1.19161836,17.0732059479,0.0000569523,17.0732059479,2.4385758979,17.0732059479,0.0000794761,17.0732059479,-1.3354835837,17.0732059479,0.0000168874
17.2680659294,1.1916071433,17.2680659294,0.0000081663,17.2680659294,2.4380592922,17.2680659294,0.0000633775,17.2680659294,-1.3354848809,17.2680659294,-0.0000587988
17.462141037,1.1916099112,17.462141037,0.0000376123,17.462141037,2.4384892865,17.462141037,0.0000979920,17.462141037,-1.3354935018,17.462141037,0.0000052604
17.652684927,1.1916373208,17.652684927,0.000093916,17.652684927,2.4385288719,17.652684927,0.0001710906,17.652684927,-1.3354381161,17.652684927,0.0000479563
17.8414549828,1.1916432530,17.8414549828,0.0000273323,17.8414549828,2.4381756594,17.8414549828,0.0000733399,17.8414549828,-1.3354047893,17.8414549828,-0.0000379794
18.0336589813,1.1916632396,18.0336589813,0.000014526,18.0336589813,2.4385048178,18.0336589813,0.0000492093,18.0336589813,-1.3354397116,18.0336589813,-0.0000318049
18.2289960384,1.1916264232,18.2289960384,0.0000037926,18.2289960384,2.4380807325,18.2289960384,0.0000399697,18.2289960384,-1.3354240780,18.2289960384,-0.0000810298
18.4192020893,1.1916074365,18.4192020893,0.0000474746,18.4192020893,2.4385283408,18.4192020893,0.0000924843,18.4192020893,-1.3354175286,18.4192020893,0.0000016338
18.6039669514,1.1915892640,18.6039669514,0.0000754470,18.6039669514,2.4383238882,18.6039669514,0.0001394537,18.6039669514,-1.3354233227,18.6039669514,0.000017655
18.8015120029,1.1915981682,18.8015120029,0.0000639328,18.8015120029,2.4380483813,18.8015120029,0.0001529541,18.8015120029,-1.3354303736,18.8015120029,-0.0000190124
19.0116961002,1.1941180498,19.0116961002,0.0170615366,19.0116961002,2.4381937681,19.0116961002,0.0340630304,19.0116961002,-1.3323516723,19.0116961002,0.0148757376
19.2008121014,1.1940992812,19.2008121014,0.0170312720,19.2008121014,2.4383767335,19.2008121014,0.0340452909,19.2008121014,-1.3323525553,19.2008121014,0.0148702080
19.3881120682,1.1940925306,19.3881120682,0.0170349572,19.3881120682,2.4384713808,19.3881120682,0.0340411045,19.3881120682,-1.332330664,19.3881120682,0.0149033561
19.584043026,1.1941171454,19.584043026,0.0170833588,19.584043026,2.4381680721,19.584043026,0.0341449188,19.584043026,-1.3323568469,19.584043026,0.0149130087
19.7750821114,1.1940976657,19.7750821114,0.0171407171,19.7750821114,2.4385898100,19.7750821114,0.0341925671,19.7750821114,-1.3323456525,19.7750821114,0.0149883864
19.9698419571,1.1940942974,19.9698419571,0.0171322243,19.9698419571,2.4381932198,19.9698419571,0.0342033451,19.9698419571,-1.3323440049,19.9698419571,0.0149319083
20.1576299667,1.1941044808,20.1576299667,0.0171326658,20.1576299667,2.4385529131,20.1576299667,0.0341832451,20.1576299667,-1.3323733191,20.1576299667,0.0149820305
20.3426449299,1.1940962157,20.3426449299,0.017120607,20.3426449299,2.4386023602,20.3426449299,0.0341885925,20.3426449299,-1.3323907744,20.3426449299,0.0149884655
20.5374441147,1.1940972436,20.5374441147,0.0171101411,20.5374441147,2.4385464313,20.5374441147,0.0341567011,20.5374441147,-1.3323931819,20.5374441147,0.0149436389
20.7339661121,1.1940685719,20.7339661121,0.0171196167,20.7339661121,2.4386012448,20.7339661121,0.0341463714,20.7339661121,-1.3323474114,20.7339661121,0.0149814029
20.9278769493,1.1940873265,20.9278769493,0.017170552,20.9278769493,2.4381261873,20.9278769493,0.0342488017,20.9278769493,-1.3323590144,20.9278769493,0.0150050031
21.1165521145,1.194096641,21.1165521145,0.0171706895,21.1165521145,2.4384011120,21.1165521145,0.0342352966,21.1165521145,-1.332370073,21.1165521145,0.0150070602
21.3092730045,1.1942008738,21.3092730045,0.0000049415,21.3092730045,2.4386885518,21.3092730045,-0.0000069775,21.3092730045,-1.3324435712,21.3092730045,0.0000050538
21.5001819134,1.1941921544,21.5001819134,-0.0000314504,21.5001819134,2.4387001074,21.5001819134,-0.0000705095,21.5001819134,-1.3324331618,21.5001819134,-0.0000487048
21.6933650970,1.1941979781,21.6933650970,-0.0000355237,21.6933650970,2.4388263769,21.6933650970,-0.0000829094,21.6933650970,-1.3324122998,21.6933650970,-0.0000383172
21.8792130947,1.1942142899,21.8792130947,-0.0000608440,21.8792130947,2.4385568112,21.8792130947,-0.0000818792,21.8792130947,-1.3324199799,21.8792130947,-0.000087881
22.0786340237,1.1942087589,22.0786340237,-0.0000611372,22.0786340237,2.4388334859,22.0786340237,-0.0001598061,22.0786340237,-1.3323615998,22.0786340237,-0.0000736431
22.2655150890,1.1942029297,22.2655150890,-0.0000427996,22.2655150890,2.4388199816,22.2655150890,-0.0001300316,22.2655150890,-1.3323684804,22.2655150890,-0.0000542033
22.4586329460,1.1941816813,22.4586329460,-0.0000495032,22.4586329460,2.4387862536,22.4586329460,-0.0001231343,22.4586329460,-1.33238107,22.4586329460,-0.0000773217
22.6520121098,1.1941889524,22.6520121098,-0.0000320339,22.6520121098,2.4387349285,22.6520121098,-0.0000893491,22.6520121098,-1.332392342,22.6520121098,-0.0000553036
22.8400509357,1.1942049893,22.8400509357,-0.0000998562,22.8400509357,2.4383679794,22.8400509357,-0.0001622617,22.8400509357,-1.3324146853,22.8400509357,-0.0001242209
23.0325341225,1.1942067364,23.0325341225,-0.00010102,23.0325341225,2.4387715403,23.0325341225,-0.0001981537,23.0325341225,-1.3323754838,23.0325341225,-0.0000830910
23.2244729996,1.1941808421,23.2244729996,-0.0001388740,23.2244729996,2.438305647,23.2244729996,-0.0002166183,23.2244729996,-1.3323685980,23.2244729996,-0.0001336808
23.4171891212,1.1941770280,23.4171891212,-0.0000611493,23.4171891212,2.4387484711,23.4171891212,-0.0001127193,23.4171891212,-1.3323800325,23.4171891212,-0.0000333524
23.6108839512,1.1941854671,23.6108839512,-0.0000529951,23.6108839512,2.4384850879,23.6108839512,-0.0000514654,23.6108839512,-1.3323868139,23.6108839512,-0.0000549599
23.8021149635,1.1941979891,23.8021149635,-0.0000643435,23.8021149635,2.438512654,23.8021149635,-0.0000664771,23.8021149635,-1.3324174653,23.8021149635,-0.0000767944
23.9932601452,1.1942084575,23.9932601452,-0.0000340642,23.9932601452,2.4387775637,23.9932601452,-0.0000671883,23.9932601452,-1.3324195048,23.9932601452,-0.0000153870
24.1840789318,1.1942096373,24.1840789318,-0.0000745279,24.1840789318,2.4383117488,24.1840789318,-0.0000725532,24.1840789318,-1.3324610272,24.1840789318,-0.0000879802
24.3791429996,1.1942099004,24.3791429996,-0.0000008772,24.3791429996,2.4388042683,24.3791429996,-0.0000315410,24.3791429996,-1.3324330945,24.3791429996,0.0000054446
24.5699679852,1.1942291389,24.5699679852,-0.0000672428,24.5699679852,2.4386457218,24.5699679852,-0.000110358,24.5699679852,-1.3324773060,24.5699679852,-0.0000598961
24.7588241100,1.1942649408,24.7588241100,-0.0000555847,24.7588241100,2.4387228609,24.7588241100,-0.0001114016,24.7588241100,-1.3324934713,24.7588241100,-0.000043747
24.9487559795,1.1942075562,24.9487559795,0.0000392949,24.9487559795,2.4387520191,24.9487559795,0.0000424234,24.9487559795,-1.3324450152,24.9487559795,0.0000344434
25.1419010162,1.1942142624,25.1419010162,0.0000110599,25.1419010162,2.4383417754,25.1419010162,0.0000317772,25.1419010162,-1.3324422490,25.1419010162,-0.0000115276
25.3317570686,1.194204067,25.3317570686,0.0000285226,25.3317570686,2.4387566945,25.3317570686,-0.0000033095,25.3317570686,-1.3324023878,25.3317570686,0.0000214572
25.5279150009,1.1942003116,25.5279150009,-0.0000477494,25.5279150009,2.4383251465,25.5279150009,-0.0000714689,25.5279150009,-1.3324579359,25.5279150009,-0.0000763059
25.7200510502,1.1942072878,25.7200510502,-0.0000203825,25.7200510502,2.4387210809,25.7200510502,-0.0000683060,25.7200510502,-1.3324124631,25.7200510502,-0.0000211425
25.9090161324,1.194212238,25.9090161324,-0.0000238739,25.9090161324,2.4387453107,25.9090161324,-0.0001057136,25.9090161324,-1.3324666623,25.9090161324,-0.0000158354
26.1003439426,1.1941854718,26.1003439426,-0.0000655128,26.1003439426,2.4385707218,26.1003439426,-0.0001410586,26.1003439426,-1.3324371241,26.1003439426,-0.0000912463
26.2932090759,1.1942041004,26.2932090759,-0.0000591012,26.2932090759,2.4387607813,26.2932090759,-0.0001474355,26.2932090759,-1.3324533725,26.2932090759,-0.0000663643
26.4863059521,1.1942108092,26.4863059521,-0.0000940318,26.4863059521,2.4382863676,26.4863059521,-0.0001789492,26.4863059521,-1.3324654112,26.4863059521,-0.0001474108
26.6761789322,1.1942040995,26.6761789322,-0.0000567724,26.6761789322,2.4387793980,26.6761789322,-0.0001498758,26.6761789322,-1.3324274926,26.6761789322,-0.0000632070
26.8678629398,1.1942038438,26.8678629398,-0.0001496363,26.8678629398,2.4382582809,26.8678629398,-0.0002509776,26.8678629398,-1.3324314807,26.8678629398,-0.0001642644
27.0614020824,1.1941927659,27.0614020824,-0.0001083030,27.0614020824,2.438553983,27.0614020824,-0.0002140281,27.0614020824,-1.3324327914,27.0614020824,-0.0001182795
27.2498040199,1.1941840219,27.2498040199,-0.0000800688,27.2498040199,2.4387516021,27.2498040199,-0.0001732898,27.2498040199,-1.3324193170,27.2498040199,-0.0000657494
27.4608650208,1.1968022506,27.4608650208,0.0197771911,27.4608650208,2.4400070384,27.4608650208,0.0395170013,27.4608650208,-1.3301215954,27.4608650208,0.0180388672
27.6517961025,1.1968258331,27.6517961025,0.0197702135,27.6517961025,2.4400081123,27.6517961025,0.039501857,27.6517961025,-1.3301406915,27.6517961025,0.0180264585
27.8389461040,1.1968334195,27.8389461040,0.0197242211,27.8389461040,2.4397331152,27.8389461040,0.0394708971,27.8389461040,-1.330193611,27.8389461040,0.0179584149
28.0269150734,1.1968368751,28.0269150734,0.0198229084,28.0269150734,2.4399737753,28.0269150734,0.0396016234,28.0269150734,-1.3302138890,28.0269150734,0.0180703042
28.2229280472,1.1968360193,28.2229280472,0.019777204,28.2229280472,2.4396453843,28.2229280472,0.0395506049,28.2229280472,-1.3302345748,28.2229280472,0.0179801507
28.4188089371,1.1968389318,28.4188089371,0.0197734207,28.4188089371,2.4399759268,28.4188089371,0.0395233008,28.4188089371,-1.3302232437,28.4188089371,0.0180131552
28.6251161098,1.1968281802,28.6251161098,0.0197224725,28.6251161098,2.4399526093,28.6251161098,0.0394698753,28.6251161098,-1.3301500467,28.6251161098,0.0179387417
28.8156070709,1.1968372126,28.8156070709,0.0197015161,28.8156070709,2.4399626342,28.8156070709,0.0394424506,28.8156070709,-1.3301519930,28.8156070709,0.0179291162
29.0097079277,1.1968142112,29.0097079277,0.0197114050,29.0097079277,2.4399167753,29.0097079277,0.0395140479,29.0097079277,-1.3301722922,29.0097079277,0.0179207718
29.1941120625,1.1968250033,29.1941120625,0.0196560984,29.1941120625,2.4398222978,29.1941120625,0.0394392144,29.1941120625,-1.330168567,29.1941120625,0.0178657851
29.3898200989,1.1969686125,29.3898200989,0.000088794,29.3898200989,2.4402423053,29.3898200989,0.0001284972,29.3898200989,-1.3302438284,29.3898200989,0.0000944965
29.5826909542,1.1969733911,29.5826909542,0.0000418427,29.5826909542,2.4400129917,29.5826909542,0.0000689340,29.5826909542,-1.3302489557,29.5826909542,0.0000387624
29.7740681171,1.1969876427,29.7740681171,0.0000590829,29.7740681171,2.4403368938,29.7740681171,0.0000212860,29.7740681171,-1.3302479696,29.7740681171,0.0000973133
29.9641411304,1.196976968,29.9641411304,0.0001014704,29.9641411304,2.4400654069,29.9641411304,0.0001216415,29.9641411304,-1.3303049669,29.9641411304,0.0001321126
30.1609399319,1.1969250031,30.1609399319,0.0000926961,30.1609399319,2.4401881423,30.1609399319,0.0000100216,30.1609399319,-1.3302480525,30.1609399319,0.0001136178
30.3465371132,1.1969207818,30.3465371132,0.0001017894,30.3465371132,2.4401183928,30.3465371132,-0.0000233752,30.3465371132,-1.3302546622,30.3465371132,0.0001224929
30.5412800312,1.1969054375,30.5412800312,0.0000708829,30.5412800312,2.4399628462,30.5412800312,-0.0000653542,30.5412800312,-1.3302495595,30.5412800312,0.0000777674
30.7315571308,1.1969221158,30.7315571308,0.0000397538,30.7315571308,2.4400551248,30.7315571308,-0.0001585375,30.7315571308,-1.3302460643,30.7315571308,0.0000650354
30.9249351025,1.1969335128,30.9249351025,0.0000060891,30.9249351025,2.4397822936,30.9249351025,-0.0001583184,30.9249351025,-1.3302794257,30.9249351025,-0.0000038675
31.1159520149,1.19694222,31.1159520149,0.0000225448,31.1159520149,2.4400166534,31.1159520149,-0.0001207055,31.1159520149,-1.3302767880,31.1159520149,0.0000334648
31.3110039234,1.1969266734,31.3110039234,-0.0000028267,31.3110039234,2.4397503068,31.3110039234,-0.0000906384,31.3110039234,-1.3302716146,31.3110039234,-0.0000016499
31.4971969128,1.1968955053,31.4971969128,-0.0000037825,31.4971969128,2.4397753351,31.4971969128,-0.0000780896,31.4971969128,-1.3302455897,31.4971969128,-0.0000191064
31.6891889572,1.1968993344,31.6891889572,0.0000171187,31.6891889572,2.4400039931,31.6891889572,-0.0000744186,31.6891889572,-1.3302055318,31.6891889572,0.000037138
31.8794910908,1.1969360826,31.8794910908,0.0000392386,31.8794910908,2.4396889104,31.8794910908,0.0000033168,31.8794910908,-1.3302515829,31.8794910908,0.0000136601
32.0741119385,1.1969112169,32.0741119385,0.0000681698,32.0741119385,2.4399871135,32.0741119385,0.0000048651,32.0741119385,-1.3302465946,32.0741119385,0.0001008391
32.2641470432,1.1969000395,32.2641470432,0.0000610705,32.2641470432,2.4398114641,32.2641470432,-0.0000113359,32.2641470432,-1.3302182827,32.2641470432,0.0000598491
32.4581429958,1.1968986931,32.4581429958,-0.0000047070,32.4581429958,2.439798797,32.4581429958,-0.000136263,32.4581429958,-1.3301970674,32.4581429958,-0.0000144989
32.651072979,1.1968867529,32.651072979,0.0000132445,32.651072979,2.4399758991,32.651072979,-0.0001727977,32.651072979,-1.3301600478,32.651072979,0.0000218751
32.8391520977,1.1968991492,32.8391520977,-0.0000125753,32.8391520977,2.4396328236,32.8391520977,-0.0001625785,32.8391520977,-1.3302056342,32.8391520977,-0.0000091629
33.0341610909,1.1969120559,33.0341610909,0.0000297250,33.0341610909,2.4399624504,33.0341610909,-0.0001358111,33.0341610909,-1.3302110324,33.0341610909,0.0000865133
33.2265930176,1.1969125525,33.2265930176,-0.0000119169,33.2265930176,2.4395491243,33.2265930176,-0.0001158829,33.2265930176,-1.3302536935,33.2265930176,0.0000168147
33.4156310558,1.1969365371,33.4156310558,-0.000005023,33.4156310558,2.4399364191,33.4156310558,-0.0001410582,33.4156310558,-1.3302608680,33.4156310558,0.0000376155
33.6091690063,1.1969172158,33.6091690063,0.0000246928,33.6091690063,2.4399662043,33.6091690063,-0.0000846465,33.6091690063,-1.3302310814,33.6091690063,0.0000592643
33.8026099205,1.1969308153,33.8026099205,0.0000375762,33.8026099205,2.4397324069,33.8026099205,-0.0000311323,33.8026099205,-1.3302686152,33.8026099205,0.0000452998
33.9881210327,1.1969509474,33.9881210327,0.0000765580,33.9881210327,2.4399984843,33.9881210327,-0.0000076163,33.9881210327,-1.3302471338,33.9881210327,0.0000862674
34.1792080402,1.1969348155,34.1792080402,0.0000328537,34.1792080402,2.4396489187,34.1792080402,-0.0000406392,34.1792080402,-1.3302585142,34.1792080402,0.0000111716
34.3755459785,1.1969319298,34.3755459785,0.0000163046,34.3755459785,2.4400480062,34.3755459785,-0.0000986879,34.3755459785,-1.3302068401,34.3755459785,0.0000307019
34.5668070316,1.1969205266,34.5668070316,0.000013285,34.5668070316,2.4400115352,34.5668070316,-0.0000888535,34.5668070316,-1.3302145015,34.5668070316,0.0000092695
34.7602319717,1.1969095546,34.7602319717,-0.0000354517,34.7602319717,2.4398385273,34.7602319717,-0.0001435489,34.7602319717,-1.3301942757,34.7602319717,-0.0000473388
34.9481160641,1.1968801781,34.9481160641,0.0000389708,34.9481160641,2.4400077185,34.9481160641,-0.0000771218,34.9481160641,-1.3301536668,34.9481160641,0.0000610404
35.1427180767,1.1968811354,35.1427180767,-0.0000102483,35.1427180767,2.4395614391,35.1427180767,-0.0001251823,35.1427180767,-1.3301796667,35.1427180767,-0.0000368121
35.3269429207,1.1968934585,35.3269429207,0.0000501125,35.3269429207,2.4399705118,35.3269429207,-0.0000873625,35.3269429207,-1.3301730379,35.3269429207,0.0000803966
35.5265889168,1.1968984394,35.5265889168,-0.0000023738,35.5265889168,2.4395851882,35.5265889168,-0.0001309495,35.5265889168,-1.3302030417,35.5265889168,-0.0000079387
35.7181470394,1.1968779663,35.7181470394,0.000046285,35.7181470394,2.4398343706,35.7181470394,-0.0000814354,35.7181470394,-1.3302130547,35.7181470394,0.0000477393
35.9083039761,1.1969045348,35.9083039761,0.0000327572,35.9083039761,2.4399685612,35.9083039761,-0.0001228434,35.9083039761,-1.3302410995,35.9083039761,0.0000770879
36.0994250774,1.1968910474,36.0994250774,0.0000268594,36.0994250774,2.4397094787,36.0994250774,-0.0001066226,36.0994250774,-1.3302393756,36.0994250774,0.0000273347
36.2941529751,1.1968883531,36.2941529751,0.0000222443,36.2941529751,2.4399307669,36.2941529751,-0.0001464654,36.2941529751,-1.3302432419,36.2941529751,0.0000435524
36.4816820621,1.1968969856,36.4816820621,-0.0000204016,36.4816820621,2.4396700635,36.4816820621,-0.0001639857,36.4816820621,-1.3302225887,36.4816820621,-0.0000316820
36.6752529144,1.1969096542,36.6752529144,0.0000070541,36.6752529144,2.4399273702,36.6752529144,-0.0001289194,36.6752529144,-1.3302293297,36.6752529144,0.0000336801
36.8699409962,1.1969035822,36.8699409962,-0.0000266214,36.8699409962,2.4397540307,36.8699409962,-0.0001591483,36.8699409962,-1.3302227223,36.8699409962,-0.0000258614
37.0587289333,1.1968900622,37.0587289333,-0.0000345567,37.0587289333,2.4395893842,37.0587289333,-0.0001124069,37.0587289333,-1.3302556357,37.0587289333,-0.0000254518
37.2457349300,1.1969042671,37.2457349300,-0.0000202272,37.2457349300,2.4399173599,37.2457349300,-0.0001470420,37.2457349300,-1.3301897465,37.2457349300,0.0000217761
37.4446480274,1.1969004396,37.4446480274,-0.0000591794,37.4446480274,2.4395461073,37.4446480274,-0.0001600755,37.4446480274,-1.3302427073,37.4446480274,-0.0000432086
37.6332960129,1.1969054531,37.6332960129,-0.0000007394,37.6332960129,2.4399174943,37.6332960129,-0.0001278271,37.6332960129,-1.3302292457,37.6332960129,0.0000427088
37.8246150017,1.1968740952,37.8246150017,0.0000227642,37.8246150017,2.4396158068,37.8246150017,-0.0000632003,37.8246150017,-1.3302188152,37.8246150017,0.0000449864
38.0154769421,1.1968895874,38.0154769421,0.0000265917,38.0154769421,2.4398557769,38.0154769421,-0.0001535399,38.0154769421,-1.3301849914,38.0154769421,0.0000556628
38.2077870369,1.1968844882,38.2077870369,0.0000354079,38.2077870369,2.4398682786,38.2077870369,-0.0001543992,38.2077870369,-1.3301651706,38.2077870369,0.0000674738
38.4189069271,1.19916247,38.4189069271,0.0326343538,38.4189069271,2.4428969796,38.4189069271,0.0662821028,38.4189069271,-1.3279540530,38.4189069271,0.0305462356
38.6095030308,1.1991657231,38.6095030308,0.0325830598,38.6095030308,2.4428903808,38.6095030308,0.0662208099,38.6095030308,-1.3279878952,38.6095030308,0.0304982870
38.8014309406,1.1991780696,38.8014309406,0.0325904316,38.8014309406,2.4427645639,38.8014309406,0.0662853268,38.8014309406,-1.3280490387,38.8014309406,0.030498049
38.9906110764,1.1991792307,38.9906110764,0.0326265151,38.9906110764,2.4429091636,38.9906110764,0.066293189,38.9906110764,-1.3279917325,38.9906110764,0.030564007
39.1819589138,1.1991896720,39.1819589138,0.0325151296,39.1819589138,2.4427474420,39.1819589138,0.0661433187,39.1819589138,-1.3280266861,39.1819589138,0.0304248918
39.3760631084,1.199178135,39.3760631084,0.0325400622,39.3760631084,2.4429078489,39.3760631084,0.0661418042,39.3760631084,-1.3279763101,39.3760631084,0.0305136945
39.5671899319,1.1991667179,39.5671899319,0.0324817249,39.5671899319,2.4428954174,39.5671899319,0.0660669550,39.5671899319,-1.3280045425,39.5671899319,0.0304623804
39.7578649521,1.1991948164,39.7578649521,0.0324728309,39.7578649521,2.4427442702,39.7578649521,0.0660921412,39.7578649521,-1.3280425727,39.7578649521,0.030419286
39.9489960670,1.1991873512,39.9489960670,0.0325338003,39.9489960670,2.4429105926,39.9489960670,0.0661210697,39.9489960670,-1.327976708,39.9489960670,0.0305183443
40.1436910629,1.1992130029,40.1436910629,0.0324812735,40.1436910629,2.4427351697,40.1436910629,0.0661019518,40.1436910629,-1.3280393541,40.1436910629,0.0304312984
40.3324811459,1.1991556322,40.3324811459,0.0325529425,40.3324811459,2.4428817126,40.3324811459,0.0661581069,40.3324811459,-1.3279843015,40.3324811459,0.0305193349
40.5238909721,1.1991935026,40.5238909721,0.0325179797,40.5238909721,2.4427225417,40.5238909721,0.0661496939,40.5238909721,-1.3280189005,40.5238909721,0.0304536066
40.7190871239,1.1996571543,40.7190871239,0.0000567069,40.7190871239,2.4437450850,40.7190871239,0.0000937142,40.7190871239,-1.3283786682,40.7190871239,0.0000540064
40.9083669186,1.1996367037,40.9083669186,0.0000689537,40.9083669186,2.4437937603,40.9083669186,0.000087819,40.9083669186,-1.3283582231,40.9083669186,0.0001228447
41.0983259678,1.1996364747,41.0983259678,-0.0000105832,41.0983259678,2.4436501741,41.0983259678,-0.0000283967,41.0983259678,-1.3283832068,41.0983259678,-0.0000248841
41.2962980270,1.1996270493,41.2962980270,0.0000478085,41.2962980270,2.4437770570,41.2962980270,0.0000090726,41.2962980270,-1.3283606097,41.2962980270,0.0000796056
41.4944369793,1.1996101947,41.4944369793,0.000001624,41.4944369793,2.4437686926,41.4944369793,-0.0000423956,41.4944369793,-1.3283418296,41.4944369793,0.0000577372
41.6890079975,1.1996431057,41.6890079975,0.000014772,41.6890079975,2.4437592738,41.6890079975,-0.0000442634,41.6890079975,-1.3283570582,41.6890079975,0.0000593695
41.8823411465,1.1996341555,41.8823411465,-0.0000777919,41.8823411465,2.4435559837,41.8823411465,-0.0001417991,41.8823411465,-1.3283840965,41.8823411465,-0.0000753398
42.0682849884,1.1996330097,42.0682849884,-0.0000098508,42.0682849884,2.4437230253,42.0682849884,-0.0000937751,42.0682849884,-1.3283402498,42.0682849884,0.0000423647
42.2653360367,1.1996151074,42.2653360367,-0.0000195675,42.2653360367,2.4436816033,42.2653360367,-0.0001063079,42.2653360367,-1.3283406990,42.2653360367,-0.0000176876
42.4592881203,1.1996317313,42.4592881203,-0.0000057163,42.4592881203,2.4435747436,42.4592881203,-0.0000331335,42.4592881203,-1.3283810834,42.4592881203,-0.0000140043
42.6506199837,1.1996135723,42.6506199837,0.0000393576,42.6506199837,2.4437132367,42.6506199837,-0.0000084775,42.6506199837,-1.3283488899,42.6506199837,0.0000909259
42.8333060741,1.1995985908,42.8333060741,0.0000298061,42.8333060741,2.4435071047,42.8333060741,0.0000019677,42.8333060741,-1.3283852385,42.8333060741,0.0000257289
43.0329749584,1.1995926977,43.0329749584,0.0001160178,43.0329749584,2.443706148,43.0329749584,0.0001020443,43.0329749584,-1.3283314491,43.0329749584,0.0001680773
43.2202339172,1.1996193955,43.2202339172,0.0000595028,43.2202339172,2.4436358639,43.2202339172,0.0000183592,43.2202339172,-1.3283592701,43.2202339172,0.0000694675
43.4197270870,1.1996187717,43.4197270870,0.0000315572,43.4197270870,2.4436393445,43.4197270870,-0.0000293205,43.4197270870,-1.3283723364,43.4197270870,0.0000239898
43.6092209816,1.1996088857,43.6092209816,0.0000657841,43.6092209816,2.4437135561,43.6092209816,-0.0000079103,43.6092209816,-1.3283309268,43.6092209816,0.0000932075
43.8013420105,1.1995976405,43.8013420105,-0.0000057013,43.8013420105,2.4435509031,43.8013420105,-0.0000733467,43.8013420105,-1.3283694218,43.8013420105,-0.000020463
43.9885051250,1.1996139384,43.9885051250,0.0000410900,43.9885051250,2.4437205702,43.9885051250,-0.0000371106,43.9885051250,-1.3283327565,43.9885051250,0.00007593
44.1828651428,1.1996133367,44.1828651428,-0.0000605757,44.1828651428,2.4435311834,44.1828651428,-0.0001423263,44.1828651428,-1.3283605710,44.1828651428,-0.0000672661
44.3693220615,1.1996211340,44.3693220615,0.0000390311,44.3693220615,2.4437344190,44.3693220615,-0.0000103953,44.3693220615,-1.328366442,44.3693220615,0.0000860405
44.5672669411,1.1995936405,44.5672669411,0.0000501251,44.5672669411,2.4437251950,44.5672669411,-0.0000201421,44.5672669411,-1.3283229607,44.5672669411,0.0001037727
44.7587790489,1.1996011059,44.7587790489,0.0000340682,44.7587790489,2.4436148049,44.7587790489,0.0000109442,44.7587790489,-1.3283651302,44.7587790489,0.0000193665
44.9512150288,1.1995971226,44.9512150288,0.0000767817,44.9512150288,2.4437157561,44.9512150288,0.0000249165,44.9512150288,-1.3283226384,44.9512150288,0.0001221466
45.1415190697,1.1996063641,45.1415190697,0.0000411257,45.1415190697,2.4436022751,45.1415190697,0.0000287576,45.1415190697,-1.3283658643,45.1415190697,0.0000353607
45.3278510571,1.1995514233,45.3278510571,0.0000778808,45.3278510571,2.4437707534,45.3278510571,0.0000408610,45.3278510571,-1.3283143596,45.3278510571,0.0001132013
45.5253710747,1.1995882090,45.5253710747,0.0000727959,45.5253710747,2.4436997113,45.5253710747,0.0000778786,45.5253710747,-1.3283542569,45.5253710747,0.0000618294
45.7188000679,1.1996145181,45.7188000679,0.0000477668,45.7188000679,2.4437269337,45.7188000679,0.0000269891,45.7188000679,-1.3283699938,45.7188000679,0.0000173948
45.9074411392,1.1996017096,45.9074411392,0.0001290321,45.9074411392,2.4438125433,45.9074411392,0.0001259497,45.9074411392,-1.3283331559,45.9074411392,0.0001417716
46.0977349281,1.1996252690,46.0977349281,0.0000808113,46.0977349281,2.4436655353,46.0977349281,0.0000763559,46.0977349281,-1.3283652560,46.0977349281,0.0000348058
46.2927250862,1.1996054342,46.2927250862,0.0001478110,46.2927250862,2.4437965158,46.2927250862,0.0001555939,46.2927250862,-1.3283178319,46.2927250862,0.0001634568
46.4757080078,1.1996099963,46.4757080078,0.0000307706,46.4757080078,2.4436595857,46.4757080078,0.0000029091,46.4757080078,-1.3283526390,46.4757080078,0.0000202313
46.6745369434,1.1996072974,46.6745369434,0.0000492440,46.6745369434,2.4437551114,46.6745369434,0.0000014098,46.6745369434,-1.3283417953,46.6745369434,0.0000696868
46.8675251007,1.1996165645,46.8675251007,0.0000546715,46.8675251007,2.4437316933,46.8675251007,-0.0000006428,46.8675251007,-1.3283450924,46.8675251007,0.0000526334
47.0539319515,1.1996402937,47.0539319515,0.0000306279,47.0539319515,2.4435796306,47.0539319515,-0.0000167609,47.0539319515,-1.3283221706,47.0539319515,-0.0000086775
47.2512271404,1.1996172451,47.2512271404,0.0001041768,47.2512271404,2.4437548935,47.2512271404,0.0000798238,47.2512271404,-1.3282900923,47.2512271404,0.0001178122
47.4405090809,1.1996401013,47.4405090809,0.0000396690,47.4405090809,2.4435769722,47.4405090809,0.0000002749,47.4405090809,-1.3283544315,47.4405090809,0.0000084924
47.6251881123,1.1996394573,47.6251881123,0.0000787418,47.6251881123,2.4437528224,47.6251881123,0.0000496137,47.6251881123,-1.3282921060,47.6251881123,0.0000981949
47.821860075,1.1996112772,47.821860075,0.0000604360,47.821860075,2.4436225808,47.821860075,0.0000327123,47.821860075,-1.3282935478,47.821860075,0.0000407198
48.0169930458,1.1996368413,48.0169930458,0.0000316511,48.0169930458,2.4437527782,48.0169930458,-0.0000282044,48.0169930458,-1.3283056843,48.0169930458,0.0000448254
48.2070240974,1.1996236516,48.2070240974,0.0000770932,48.2070240974,2.4437755144,48.2070240974,0.0000310083,48.2070240974,-1.3282951103,48.2070240974,0.0001065080
48.3956120014,1.1996473989,48.3956120014,-0.0000072669,48.3956120014,2.4436171654,48.3956120014,-0.0000358060,48.3956120014,-1.3283540998,48.3956120014,-0.000024131
48.5917689800,1.1996219814,48.5917689800,0.0000384117,48.5917689800,2.4437820258,48.5917689800,-0.0000261476,48.5917689800,-1.3283077761,48.5917689800,0.0000523062
48.7850730419,1.1996186461,48.7850730419,0.0000286488,48.7850730419,2.443734101,48.7850730419,0.0000068166,48.7850730419,-1.3283366991,48.7850730419,0.0000538928
48.9682271481,1.1996434382,48.9682271481,0.0000022283,48.9682271481,2.4436546458,48.9682271481,-0.000020456,48.9682271481,-1.3283518992,48.9682271481,-0.0000085849
49.1673791409,1.1996273215,49.1673791409,0.0000676106,49.1673791409,2.4437716241,49.1673791409,0.0000822057,49.1673791409,-1.3283224716,49.1673791409,0.0000740707
49.359151125,1.1996394468,49.359151125,0.0000717491,49.359151125,2.4436198206,49.359151125,0.0000891004,49.359151125,-1.3283488938,49.359151125,0.0000402194
49.5527570248,1.1996030789,49.5527570248,0.0002012353,49.5527570248,2.4437822714,49.5527570248,0.0002510207,49.5527570248,-1.328301196,49.5527570248,0.0002073499
49.7415230274,1.1996063184,49.7415230274,0.0000670605,49.7415230274,2.4436605151,49.7415230274,0.000063196,49.7415230274,-1.3283319605,49.7415230274,0.0000395396
49.9660871029,1.1991722417,49.9660871029,0.0603394635,49.9660871029,2.4495046507,49.9660871029,0.1222086178,49.9660871029,-1.3243026402,49.9660871029,0.0570939380
50.1572079659,1.1991862376,50.1572079659,0.0603464351,50.1572079659,2.4494710404,50.1572079659,0.1221889967,50.1572079659,-1.324333575,50.1572079659,0.0571012606
50.3448660374,1.1991821693,50.3448660374,0.0604614146,50.3448660374,2.4497041474,50.3448660374,0.1225604953,50.3448660374,-1.3242513497,50.3448660374,0.0572970775
50.5457210541,1.1992244509,50.5457210541,0.0603879094,50.5457210541,2.4494845856,50.5457210541,0.1222332146,50.5457210541,-1.3243409385,50.5457210541,0.0571029626
50.7270030975,1.1992061492,50.7270030975,0.0604026859,50.7270030975,2.4495592037,50.7270030975,0.1223338825,50.7270030975,-1.3243099188,50.7270030975,0.0571128374
50.9252290726,1.1991846814,50.9252290726,0.0603913748,50.9252290726,2.4496660544,50.9252290726,0.1223907006,50.9252290726,-1.3242689898,50.9252290726,0.0571925239
51.1094789505,1.1991990576,51.1094789505,0.0603531660,51.1094789505,2.4495802614,51.1094789505,0.1223235184,51.1094789505,-1.3242963016,51.1094789505,0.0571082169
51.3067331314,1.1991613158,51.3067331314,0.0605520601,51.3067331314,2.449716363,51.3067331314,0.1227315648,51.3067331314,-1.3242262575,51.3067331314,0.0573789514
51.4986641407,1.1992018479,51.4986641407,0.0604515321,51.4986641407,2.4495230236,51.4986641407,0.1224277667,51.4986641407,-1.3243370053,51.4986641407,0.057175997
51.6929039955,1.1991605664,51.6929039955,0.0605212061,51.6929039955,2.4497196258,51.6929039955,0.1227031322,51.6929039955,-1.3242639008,51.6929039955,0.0573419623
51.8815591335,1.2007112637,51.8815591335,-0.0001011197,51.8815591335,2.4526389669,51.8815591335,-0.0002987921,51.8815591335,-1.3255604286,51.8815591335,-0.0001493529
52.0748560429,1.2007324302,52.0748560429,-0.0001092464,52.0748560429,2.452690932,52.0748560429,-0.0002969462,52.0748560429,-1.3255839197,52.0748560429,-0.0001546675
52.2659010887,1.2007098718,52.2659010887,-0.0000723351,52.2659010887,2.4527875612,52.2659010887,-0.0001462528,52.2659010887,-1.3255530723,52.2659010887,-0.0000779662
52.4567949772,1.2007179412,52.4567949772,-0.0001701653,52.4567949772,2.4526259728,52.4567949772,-0.0003998902,52.4567949772,-1.3255913654,52.4567949772,-0.0002675645
52.6457049847,1.2006690453,52.6457049847,-0.0001179171,52.6457049847,2.452763348,52.6457049847,-0.0002248775,52.6457049847,-1.3254831515,52.6457049847,-0.0000787313
52.8346619606,1.2007047523,52.8346619606,-0.0001829621,52.8346619606,2.4525629000,52.8346619606,-0.0004398314,52.8346619606,-1.3255690777,52.8346619606,-0.0002389759
53.0316441059,1.2006674611,53.0316441059,-0.0001098739,53.0316441059,2.4527652644,53.0316441059,-0.0001645107,53.0316441059,-1.3254801776,53.0316441059,-0.0000989244
53.2248151302,1.2006930135,53.2248151302,-0.0000961907,53.2248151302,2.4527452144,53.2248151302,-0.0002953312,53.2248151302,-1.3255284120,53.2248151302,-0.0001184335
53.4086909294,1.200731813,53.4086909294,-0.0001220536,53.4086909294,2.4525788793,53.4086909294,-0.0004145083,53.4086909294,-1.325607996,53.4086909294,-0.0002155655
53.6060159206,1.2006805862,53.6060159206,-0.0000105241,53.6060159206,2.4527773736,53.6060159206,-0.0000957974,53.6060159206,-1.3254994907,53.6060159206,-0.0000430735
53.8012950420,1.2007166215,53.8012950420,-0.0001437265,53.8012950420,2.452574311,53.8012950420,-0.0003634423,53.8012950420,-1.3255918266,53.8012950420,-0.0002068136
53.9862680435,1.2006874466,53.9862680435,-0.0001523915,53.9862680435,2.4525772566,53.9862680435,-0.0004131765,53.9862680435,-1.3255599283,53.9862680435,-0.0001843806
54.1819560528,1.2006838663,54.1819560528,-0.0001780781,54.1819560528,2.4525734397,54.1819560528,-0.0005014387,54.1819560528,-1.3255564283,54.1819560528,-0.0002398912
54.3745899200,1.2007055392,54.3745899200,-0.0001932696,54.3745899200,2.4526870238,54.3745899200,-0.0003743751,54.3745899200,-1.3255574483,54.3745899200,-0.0001826976
54.5640709400,1.2006789082,54.5640709400,-0.0001249829,54.5640709400,2.4527154544,54.5640709400,-0.0003385901,54.5640709400,-1.3255192812,54.5640709400,-0.0001453830
54.7576191425,1.2006866127,54.7576191425,-0.0001581610,54.7576191425,2.4525305594,54.7576191425,-0.0004766897,54.7576191425,-1.3255848227,54.7576191425,-0.0002459363
54.9448449612,1.2006607977,54.9448449612,-0.0000811792,54.9448449612,2.452763136,54.9448449612,-0.0001300704,54.9448449612,-1.3254845558,54.9448449612,-0.0000662893
55.1406559944,1.2007067727,55.1406559944,-0.0001770116,55.1406559944,2.4525685693,55.1406559944,-0.0004915921,55.1406559944,-1.3255684005,55.1406559944,-0.0002269323
55.3253951073,1.2006904950,55.3253951073,-0.0001012173,55.3253951073,2.45270811,55.3253951073,-0.0002272750,55.3253951073,-1.3255326201,55.3253951073,-0.0000778919
55.5197291374,1.2006711548,55.5197291374,-0.0002169423,55.5197291374,2.452674745,55.5197291374,-0.0004536033,55.5197291374,-1.3255529128,55.5197291374,-0.0001811231
55.7164559364,1.2007443575,55.7164559364,-0.0002127017,55.7164559364,2.4524990866,55.7164559364,-0.0005107090,55.7164559364,-1.3255978172,55.7164559364,-0.0002640493
55.9081239700,1.2006915784,55.9081239700,-0.0001364056,55.9081239700,2.4526857961,55.9081239700,-0.0002750786,55.9081239700,-1.3254520375,55.9081239700,-0.0000867644
56.0973370075,1.2007397586,56.0973370075,-0.0001900486,56.0973370075,2.4524627794,56.0973370075,-0.0005521457,56.0973370075,-1.3255616185,56.0973370075,-0.0002733816
56.2907509804,1.2007054135,56.2907509804,-0.0001821470,56.2907509804,2.4526740066,56.2907509804,-0.0003464567,56.2907509804,-1.3254952346,56.2907509804,-0.0001560936
56.4780230522,1.2007269101,56.4780230522,-0.0001493703,56.4780230522,2.4525928149,56.4780230522,-0.0004214546,56.4780230522,-1.3255412354,56.4780230522,-0.0001973233
56.6691069603,1.2007129033,56.6691069603,-0.0000992269,56.6691069603,2.4526826532,56.6691069603,-0.0002390746,56.6691069603,-1.3255002039,56.6691069603,-0.0001135742
56.8653640747,1.2007142671,56.8653640747,-0.0001376578,56.8653640747,2.452679909,56.8653640747,-0.0002578170,56.8653640747,-1.3254909533,56.8653640747,-0.0001484042
57.0517880917,1.2007278134,57.0517880917,-0.0001740157,57.0517880917,2.4524929086,57.0517880917,-0.0004904929,57.0517880917,-1.3255841650,57.0517880917,-0.0002467543
57.2503960133,1.2007158467,57.2503960133,-0.0001021346,57.2503960133,2.4527073757,57.2503960133,-0.0002023352,57.2503960133,-1.3255169694,57.2503960133,-0.0001156572
57.4361209869,1.200721771,57.4361209869,-0.0001854365,57.4361209869,2.4525624202,57.4361209869,-0.0004710864,57.4361209869,-1.3255193514,57.4361209869,-0.0002263479
57.6312470436,1.2007127992,57.6312470436,-0.0001439525,57.6312470436,2.4526560249,57.6312470436,-0.0003625114,57.6312470436,-1.3255118382,57.6312470436,-0.0001730679
57.8239579201,1.2007224707,57.8239579201,-0.0001624035,57.8239579201,2.4526513577,57.8239579201,-0.0003535626,57.8239579201,-1.3255313003,57.8239579201,-0.0001286288
58.0180339813,1.2007064622,58.0180339813,-0.0002021279,58.0180339813,2.4526102038,58.0180339813,-0.0004436648,58.0180339813,-1.3255259407,58.0180339813,-0.0001918645
58.2091031075,1.2006808535,58.2091031075,-0.0000544075,58.2091031075,2.4527363633,58.2091031075,-0.0001110213,58.2091031075,-1.3254573164,58.2091031075,-0.0000571325
58.3951060772,1.2006874419,58.3951060772,-0.0001991732,58.3951060772,2.4525039916,58.3951060772,-0.0005348940,58.3951060772,-1.3255350739,58.3951060772,-0.0002531806
58.5915799141,1.2006840126,58.5915799141,-0.0002544052,58.5915799141,2.4526834629,58.5915799141,-0.0004512535,58.5915799141,-1.3254487628,58.5915799141,-0.000169184
58.7781839371,1.2006735279,58.7781839371,-0.0002165802,58.7781839371,2.4526601741,58.7781839371,-0.0005235341,58.7781839371,-1.3254880203,58.7781839371,-0.0002302698
58.9712169170,1.2006557381,58.9712169170,-0.0003157846,58.9712169170,2.4525264087,58.9712169170,-0.0006711141,58.9712169170,-1.3255204264,58.9712169170,-0.0003614725
59.1842329502,1.1801866672,59.1842329502,0.1068694521,59.1842329502,2.4273284247,59.1842329502,0.2233409050,59.1842329502,-1.3003491603,59.1842329502,0.1059560995
59.3743860722,1.1802303292,59.3743860722,0.1068299754,59.3743860722,2.4277362338,59.3743860722,0.2232204243,59.3743860722,-1.3003601496,59.3743860722,0.1059220908
59.5646619797,1.1802561687,59.5646619797,0.1069962584,59.5646619797,2.429334054,59.5646619797,0.2236455139,59.5646619797,-1.3003316634,59.5646619797,0.1062835438
59.759002924,1.1802837031,59.759002924,0.1069936743,59.759002924,2.4275682704,59.759002924,0.2234755798,59.759002924,-1.3004685537,59.759002924,0.1060591212
59.9456069469,1.1801469036,59.9456069469,0.1071249304,59.9456069469,2.4293300772,59.9456069469,0.2238817046,59.9456069469,-1.3002177421,59.9456069469,0.1063431194
60.1394710541,1.1801235197,60.1394710541,0.1069692353,60.1394710541,2.427970004,60.1394710541,0.2234086556,60.1394710541,-1.3002815846,60.1394710541,0.1060077333
60.3323159218,1.1801002166,60.3323159218,0.1069857493,60.3323159218,2.4292960935,60.3323159218,0.2235375406,60.3323159218,-1.3001865622,60.3323159218,0.1060662042
60.5258231163,1.1801490402,60.5258231163,0.106935847,60.5258231163,2.4286602529,60.5258231163,0.2235332869,60.5258231163,-1.3002466872,60.5258231163,0.1061306828
60.7179501057,1.1802106693,60.7179501057,0.1071376587,60.7179501057,2.4277653365,60.7179501057,0.2237446996,60.7179501057,-1.3003852972,60.7179501057,0.1061969147
60.9022040367,1.1801515204,60.9022040367,0.1072800477,60.9022040367,2.4295180467,60.9022040367,0.2241534856,60.9022040367,-1.3002166265,60.9022040367,0.1064876002
61.0975470543,1.1802249904,61.0975470543,0.1072404049,61.0975470543,2.4274635298,61.0975470543,0.2239014311,61.0975470543,-1.3004098535,61.0975470543,0.1062885384
61.2893509865,1.1802262144,61.2893509865,0.1072534475,61.2893509865,2.4293224836,61.2893509865,0.2241080163,61.2893509865,-1.3003159397,61.2893509865,0.1064673253
61.4817321301,1.1802194384,61.4817321301,0.1071532095,61.4817321301,2.4276445633,61.4817321301,0.2237745732,61.4817321301,-1.3004148751,61.4817321301,0.1062793215
61.6723620892,1.1802105098,61.6723620892,0.1070829971,61.6723620892,2.4290527302,61.6723620892,0.2237934768,61.6723620892,-1.3003603349,61.6723620892,0.1062511697
61.8665161133,1.180152388,61.8665161133,0.1071709054,61.8665161133,2.4294290474,61.8665161133,0.2239736550,61.8665161133,-1.3002295291,61.8665161133,0.1064259472
62.0558431149,1.1851121960,62.0558431149,-0.0002209586,62.0558431149,2.4377650717,62.0558431149,-0.0003995023,62.0558431149,-1.304765814,62.0558431149,-0.0003641691
62.2440891266,1.1851120633,62.2440891266,0.0000517882,62.2440891266,2.4400064995,62.2440891266,0.0001003601,62.2440891266,-1.3046410741,62.2440891266,0.0000549667
62.4402859211,1.1851672517,62.4402859211,0.0000794121,62.4402859211,2.4385373417,62.4402859211,0.0000914823,62.4402859211,-1.3047526786,62.4402859211,-0.0000806749
62.6295049191,1.1851356112,62.6295049191,0.0000844168,62.6295049191,2.4383343373,62.6295049191,0.0001073517,62.6295049191,-1.3047763561,62.6295049191,-0.0001420682
62.8232121468,1.1850577903,62.8232121468,-0.0001267289,62.8232121468,2.4383697810,62.8232121468,-0.0003054342,62.8232121468,-1.3046749199,62.8232121468,-0.0002814330
63.0148389339,1.1851593168,63.0148389339,-0.0002652687,63.0148389339,2.437842598,63.0148389339,-0.0004447527,63.0148389339,-1.3047847042,63.0148389339,-0.0004173515
63.2052841187,1.1851438169,63.2052841187,0.0000124130,63.2052841187,2.4399867700,63.2052841187,0.0001240453,63.2052841187,-1.3047296653,63.2052841187,0.0001318528
63.3994750977,1.1851709965,63.3994750977,-0.0002375364,63.3994750977,2.4380682566,63.3994750977,-0.0003114138,63.3994750977,-1.3048200138,63.3994750977,-0.0002331993
63.5900840759,1.1850845432,63.5900840759,-0.0002454198,63.5900840759,2.4394318232,63.5900840759,-0.0003164929,63.5900840759,-1.3046659324,63.5900840759,-0.0002205058
63.7810781002,1.1851794165,63.7810781002,-0.0002352551,63.7810781002,2.4386409066,63.7810781002,-0.0004611000,63.7810781002,-1.3047947706,63.7810781002,-0.0003384414
63.9672570229,1.1850952276,63.9672570229,-0.0001339977,63.9672570229,2.4391529063,63.9672570229,-0.0002209936,63.9672570229,-1.3046616381,63.9672570229,-0.0002351262
64.1662750244,1.1851671026,64.1662750244,-0.0001376126,64.1662750244,2.4392803552,64.1662750244,-0.0003530003,64.1662750244,-1.3047437632,64.1662750244,-0.0002436794
64.350217104,1.1850172841,64.350217104,-0.0004952509,64.350217104,2.4376232219,64.350217104,-0.0009745587,64.350217104,-1.3046710743,64.350217104,-0.000774692
64.5477600098,1.1850772966,64.5477600098,-0.0002716088,64.5477600098,2.4396336804,64.5477600098,-0.0006354724,64.5477600098,-1.3046443582,64.5477600098,-0.0004723124
64.7362720966,1.1850496723,64.7362720966,-0.0003197646,64.7362720966,2.4380760419,64.7362720966,-0.0007108402,64.7362720966,-1.3046829010,64.7362720966,-0.0005708326
64.9293270111,1.1850607960,64.9293270111,-0.0002759385,64.9293270111,2.4390417699,64.9293270111,-0.0005561861,64.9293270111,-1.3046345984,64.9293270111,-0.0004210003
65.1234390736,1.1851551768,65.1234390736,-0.0001984639,65.1234390736,2.4395655977,65.1234390736,-0.0003637355,65.1234390736,-1.3047423534,65.1234390736,-0.0001799234
65.3168179989,1.1851985678,65.3168179989,-0.0000863227,65.3168179989,2.4385918881,65.3168179989,-0.0003267803,65.3168179989,-1.3048299037,65.3168179989,-0.0003967888
65.5077130795,1.1852096622,65.5077130795,0.0000114017,65.5077130795,2.4399871653,65.5077130795,0.0000326430,65.5077130795,-1.3047612336,65.5077130795,0.0000271504
65.6932580471,1.1852067746,65.6932580471,-0.0000851862,65.6932580471,2.4381222195,65.6932580471,-0.0002302366,65.6932580471,-1.3048207221,65.6932580471,-0.0002856087
65.8894331455,1.1852020131,65.8894331455,0.0000371078,65.8894331455,2.4392151048,65.8894331455,0.0000605144,65.8894331455,-1.3047748405,65.8894331455,-0.0000378232
66.0803210735,1.1852062502,66.0803210735,-0.0002136025,66.0803210735,2.4382445325,66.0803210735,-0.0004086912,66.0803210735,-1.3048155183,66.0803210735,-0.0002918009
66.2733280659,1.1852005862,66.2733280659,-0.0002471931,66.2733280659,2.4380485710,66.2733280659,-0.0004606037,66.2733280659,-1.3048318196,66.2733280659,-0.0004387718
66.4621510506,1.1851318571,66.4621510506,-0.0001535529,66.4621510506,2.4390838412,66.4621510506,-0.0003526197,66.4621510506,-1.3047009516,66.4621510506,-0.0002144345
66.6571669579,1.1851058914,66.6571669579,-0.0005680159,66.6571669579,2.4377472314,66.6571669579,-0.0011503765,66.6571669579,-1.3047280084,66.6571669579,-0.0008539335
66.8464109898,1.1850243032,66.8464109898,-0.0003399133,66.8464109898,2.4396731847,66.8464109898,-0.0007362238,66.8464109898,-1.3045524580,66.8464109898,-0.0004827517
67.0428631306,1.1850846444,67.0428631306,-0.0003736566,67.0428631306,2.4376808371,67.0428631306,-0.0007917917,67.0428631306,-1.3047257809,67.0428631306,-0.0006133825
67.2350139618,1.185192588,67.2350139618,-0.0004061979,67.2350139618,2.4381603711,67.2350139618,-0.0008496227,67.2350139618,-1.3048410643,67.2350139618,-0.0006317909
67.4263861179,1.1851682942,67.4263861179,-0.0001025968,67.4263861179,2.4397086579,67.4263861179,-0.0002971355,67.4263861179,-1.3047255463,67.4263861179,-0.0001814555
67.6097910404,1.18518734,67.6097910404,-0.0003548808,67.6097910404,2.4378028948,67.6097910404,-0.0007540394,67.6097910404,-1.3048674165,67.6097910404,-0.0006434262
67.8088970184,1.1851077548,67.8088970184,-0.0002304955,67.8088970184,2.4395075570,67.8088970184,-0.0006620599,67.8088970184,-1.3047087480,67.8088970184,-0.0004603772
68.0008320808,1.1850129248,68.0008320808,-0.0005281961,68.0008320808,2.4378244734,68.0008320808,-0.0010852692,68.0008320808,-1.3046764786,68.0008320808,-0.0007330854
68.1936349869,1.1849792129,68.1936349869,-0.0004961552,68.1936349869,2.4382702566,68.1936349869,-0.0009942415,68.1936349869,-1.3045943674,68.1936349869,-0.0006713613
68.3810770512,1.1850046718,68.3810770512,-0.0003578733,68.3810770512,2.4386837821,68.3810770512,-0.0008017894,68.3810770512,-1.3045877127,68.3810770512,-0.0005027170
68.5718951225,1.1850940067,68.5718951225,-0.0003520072,68.5718951225,2.4378073104,68.5718951225,-0.0007940337,68.5718951225,-1.3047379386,68.5718951225,-0.0006131164
68.7620000839,1.1849970485,68.7620000839,-0.0002350462,68.7620000839,2.4393748246,68.7620000839,-0.000589519,68.7620000839,-1.3045602883,68.7620000839,-0.0004099549
68.9571139812,1.1849824729,68.9571139812,-0.0003673601,68.9571139812,2.4373632902,68.9571139812,-0.0007181697,68.9571139812,-1.3046518829,68.9571139812,-0.0006479011
69.1440460682,1.1849997275,69.1440460682,-0.0002174822,69.1440460682,2.4394780193,69.1440460682,-0.0005389236,69.1440460682,-1.3045798584,69.1440460682,-0.0003684286
69.3439490795,1.1850411428,69.3439490795,-0.0004386948,69.3439490795,2.438473851,69.3439490795,-0.0010131902,69.3439490795,-1.3046768577,69.3439490795,-0.0006914983
69.5333199501,1.1851197132,69.5333199501,-0.0004779061,69.5333199501,2.4374644235,69.5333199501,-0.0010902984,69.5333199501,-1.3048079857,69.5333199501,-0.0008783636
69.7167479992,1.1851071284,69.7167479992,-0.0002004712,69.7167479992,2.4392121639,69.7167479992,-0.0006440227,69.7167479992,-1.3046830090,69.7167479992,-0.0004503247
69.9131829739,1.1850763125,69.9131829739,-0.0005376331,69.9131829739,2.4374096782,69.9131829739,-0.0010728820,69.9131829739,-1.304721116,69.9131829739,-0.0008202497
70.1067929268,1.1849440691,70.1067929268,-0.000300096,70.1067929268,2.439126532,70.1067929268,-0.0007279653,70.1067929268,-1.3044833712,70.1067929268,-0.0004705394
70.2995700836,1.1850031793,70.2995700836,-0.0003658866,70.2995700836,2.4371658620,70.2995700836,-0.0008282113,70.2995700836,-1.3046537005,70.2995700836,-0.0006818911
70.4901781082,1.1850256343,70.4901781082,-0.0002723508,70.4901781082,2.4382204381,70.4901781082,-0.0007032083,70.4901781082,-1.3046476438,70.4901781082,-0.0005851342
70.6821639538,1.1850578740,70.6821639538,-0.0001072009,70.6821639538,2.4391083637,70.6821639538,-0.0004679654,70.6821639538,-1.3046370683,70.6821639538,-0.0003313269
70.8689551353,1.1851233996,70.8689551353,-0.0003468214,70.8689551353,2.4376133137,70.8689551353,-0.0007668612,70.8689551353,-1.3047794542,70.8689551353,-0.0006430239
71.0669310093,1.1849941165,71.0669310093,-0.0003541307,71.0669310093,2.4389366641,71.0669310093,-0.0008142667,71.0669310093,-1.3045742697,71.0669310093,-0.0004933084
71.251732111,1.1850991001,71.251732111,-0.0005122658,71.251732111,2.4373501577,71.251732111,-0.0010219250,71.251732111,-1.3047421870,71.251732111,-0.0006826793
71.4495260715,1.1850526454,71.4495260715,-0.0001607122,71.4495260715,2.4394398227,71.4495260715,-0.0005478384,71.4495260715,-1.3046485976,71.4495260715,-0.0003997824
71.6435909271,1.18509511,71.6435909271,-0.0004955324,71.6435909271,2.4376268894,71.6435909271,-0.0011241177,71.6435909271,-1.3047540549,71.6435909271,-0.0008519273
71.8270721436,1.1850915391,71.8270721436,-0.0004113628,71.8270721436,2.4375631767,71.8270721436,-0.0008573778,71.8270721436,-1.3047683238,71.8270721436,-0.0006647366
72.0243599415,1.1850381364,72.0243599415,-0.0002592813,72.0243599415,2.4393220243,72.0243599415,-0.0006003512,72.0243599415,-1.3046087517,72.0243599415,-0.0003961588
72.2173509598,1.1851277328,72.2173509598,-0.0002774492,72.2173509598,2.4373834911,72.2173509598,-0.0006429111,72.2173509598,-1.3048061237,72.2173509598,-0.0005140997
72.4046940804,1.1850630043,72.4046940804,-0.0000462683,72.4046940804,2.4393003545,72.4046940804,-0.0001899349,72.4046940804,-1.3046349453,72.4046940804,-0.0001483985
72.5985240936,1.1850736695,72.5985240936,-0.0003038021,72.5985240936,2.4374469948,72.5985240936,-0.0006732902,72.5985240936,-1.3047323573,72.5985240936,-0.0005084654
72.7918500900,1.1849850232,72.7918500900,-0.0001247245,72.7918500900,2.4392137253,72.7918500900,-0.0003893243,72.7918500900,-1.3045640700,72.7918500900,-0.0002407476
72.9820389748,1.1850156292,72.9820389748,-0.0000430709,72.9820389748,2.4389738625,72.9820389748,-0.0002850761,72.9820389748,-1.3045927097,72.9820389748,-0.0002202826
73.1700599194,1.1849615305,73.1700599194,-0.0003510227,73.1700599194,2.4373574527,73.1700599194,-0.0008356448,73.1700599194,-1.3046105801,73.1700599194,-0.0006818384
73.3837640285,0.9067369489,73.3837640285,0.1312541339,73.3837640285,1.8253091729,73.3837640285,0.4074485204,73.3837640285,-0.9287275247,73.3837640285,0.2251467788
73.5705730915,0.9068171592,73.5705730915,0.1306863477,73.5705730915,1.8259785355,73.5705730915,0.4058621923,73.5705730915,-0.9288852521,73.5705730915,0.2245523887
73.7628459930,0.9066016559,73.7628459930,0.1312479440,73.7628459930,1.8260596739,73.7628459930,0.4063763546,73.7628459930,-0.928483594,73.7628459930,0.2251900363
73.9565370083,0.9067106491,73.9565370083,0.1304944628,73.9565370083,1.8254617133,73.9565370083,0.4055803215,73.9565370083,-0.9287928284,73.9565370083,0.224288875
74.1451261044,0.9065674987,74.1451261044,0.1312489757,74.1451261044,1.8259691665,74.1451261044,0.4064250071,74.1451261044,-0.9283991353,74.1451261044,0.2253443327
74.3409469128,0.9064946494,74.3409469128,0.1304603679,74.3409469128,1.8254323964,74.3409469128,0.4049585761,74.3409469128,-0.9284360229,74.3409469128,0.2241504295
74.5363581181,0.9068045874,74.5363581181,0.1301832206,74.5363581181,1.8259718644,74.5363581181,0.4047370333,74.5363581181,-0.9288098587,74.5363581181,0.2241016027
74.7249510288,0.9064021014,74.7249510288,0.1298871512,74.7249510288,1.8256008032,74.7249510288,0.4037728426,74.7249510288,-0.9282229549,74.7249510288,0.2239136340
74.9080350399,0.9065904518,74.9080350399,0.1299826578,74.9080350399,1.8250439099,74.9080350399,0.4046687656,74.9080350399,-0.9286375865,74.9080350399,0.2237331081
75.1058139801,0.9065319771,75.1058139801,0.1308102344,75.1058139801,1.8258503965,75.1058139801,0.4053870754,75.1058139801,-0.9283894517,75.1058139801,0.2246990594
75.2981240749,0.9069093559,75.2981240749,0.130928573,75.2981240749,1.8257991021,75.2981240749,0.4063307213,75.2981240749,-0.9290130007,75.2981240749,0.2245463052
75.492164135,0.9065481293,75.492164135,0.1298889728,75.492164135,1.8258610686,75.492164135,0.4036468545,75.492164135,-0.9284721127,75.492164135,0.2236609168
75.6820340157,0.9066455408,75.6820340157,0.1299445626,75.6820340157,1.8262883466,75.6820340157,0.4036101092,75.6820340157,-0.9285978903,75.6820340157,0.2237547258
75.8736469746,0.9064905244,75.8736469746,0.1296559989,75.8736469746,1.8253221026,75.8736469746,0.4034742352,75.8736469746,-0.9285385411,75.8736469746,0.2232890606
76.0676689148,0.9067158846,76.0676689148,0.1303794834,76.0676689148,1.8264033430,76.0676689148,0.4044278697,76.0676689148,-0.9287551217,76.0676689148,0.2240617113
76.2570390701,0.9161213672,76.2570390701,-0.0002873591,76.2570390701,1.8702272542,76.2570390701,0.0001162076,76.2570390701,-0.9555822136,76.2570390701,-0.0005180044
76.4480609894,0.9162454066,76.4480609894,0.0008697171,76.4480609894,1.8712635742,76.4480609894,0.0017921182,76.4480609894,-0.9557022135,76.4480609894,0.0010621902
76.6430330276,0.916153572,76.6430330276,0.0002934515,76.6430330276,1.8702407482,76.6430330276,0.0016006886,76.6430330276,-0.955663993,76.6430330276,0.0001965799
76.8320510387,0.9158911286,76.8320510387,-0.0004822446,76.8320510387,1.8697836687,76.8320510387,-0.0002606889,76.8320510387,-0.9553649747,76.8320510387,-0.0007523966
77.0255920887,0.9160329356,77.0255920887,0.0003918449,77.0255920887,1.8706184168,77.0255920887,0.0007154118,77.0255920887,-0.9555113503,77.0255920887,0.0001632313
77.2169330120,0.9161731303,77.2169330120,0.0000184645,77.2169330120,1.8704379443,77.2169330120,0.0006489747,77.2169330120,-0.9557470244,77.2169330120,-0.0002486126
77.4095780849,0.9163126878,77.4095780849,0.0005487289,77.4095780849,1.8711580041,77.4095780849,0.0012778666,77.4095780849,-0.9558318729,77.4095780849,0.0003834748
77.5990281105,0.9162936267,77.5990281105,0.0001054767,77.5990281105,1.8707975858,77.5990281105,0.0006361413,77.5990281105,-0.9558456733,77.5990281105,-0.0001941741
77.7931909561,0.9161173323,77.7931909561,0.0002817646,77.7931909561,1.8708815662,77.7931909561,0.0004280728,77.7931909561,-0.9555904164,77.7931909561,0.0001554154
77.9820079803,0.9160452859,77.9820079803,-0.0000122621,77.9820079803,1.8707089579,77.9820079803,-0.0000571123,77.9820079803,-0.9554833097,77.9820079803,-0.0000618377
78.1751489639,0.9161360053,78.1751489639,-0.0008533159,78.1751489639,1.8702924606,78.1751489639,-0.0008896486,78.1751489639,-0.9556493596,78.1751489639,-0.0009427047
78.3659019470,0.9165340152,78.3659019470,-0.0001727768,78.3659019470,1.8718900378,78.3659019470,-0.0004622763,78.3659019470,-0.9560957819,78.3659019470,-0.0002501466
78.5560309887,0.9166017261,78.5560309887,-0.0006411521,78.5560309887,1.8713231306,78.5560309887,-0.0005696255,78.5560309887,-0.9562410758,78.5560309887,-0.0009286358
78.7454750538,0.916634755,78.7454750538,0.0000626437,78.7454750538,1.8716954643,78.7454750538,0.0005130495,78.7454750538,-0.956291849,78.7454750538,-0.0002307883
78.9404621124,0.9168154588,78.9404621124,0.0002030124,78.9404621124,1.8718996901,78.9404621124,0.0008728383,78.9404621124,-0.9565637469,78.9404621124,-0.0002428984
79.1332471371,0.9168648346,79.1332471371,0.0004039023,79.1332471371,1.8724199965,79.1332471371,0.0008975894,79.1332471371,-0.9566119999,79.1332471371,0.0000657143
79.3201141357,0.9166319287,79.3201141357,0.0000325554,79.3201141357,1.8721379079,79.3201141357,-0.000195023,79.3201141357,-0.9562587912,79.3201141357,-0.0001993949
79.5166189671,0.9168423946,79.5166189671,0.0007265904,79.5166189671,1.8719736955,79.5166189671,0.0018960722,79.5166189671,-0.9566503194,79.5166189671,0.0001449291
79.7078011036,0.9166992108,79.7078011036,0.0005255442,79.7078011036,1.8722734098,79.7078011036,0.000953214,79.7078011036,-0.9564045025,79.7078011036,0.0002916355
79.9115891457,0.9169222383,79.9115891457,0.0007499258,79.9115891457,1.8729642375,79.9115891457,0.0010595047,79.9115891457,-0.9566924023,79.9115891457,0.0005053525
80.1060860157,0.9167039724,80.1060860157,0.0004144975,80.1060860157,1.8723956744,80.1060860157,0.0005238914,80.1060860157,-0.9564142501,80.1060860157,0.0001761332
80.2990880013,0.9169673442,80.2990880013,0.0005194540,80.2990880013,1.8723326569,80.2990880013,0.0013511137,80.2990880013,-0.9568790124,80.2990880013,-0.000117094
80.4860329628,0.916892914,80.4860329628,0.0004042164,80.4860329628,1.8720747757,80.4860329628,0.0014105721,80.4860329628,-0.9567292639,80.4860329628,-0.0000533979
80.6822040081,0.9167987583,80.6822040081,0.0004256956,80.6822040081,1.8726445497,80.6822040081,0.0004861062,80.6822040081,-0.9565213583,80.6822040081,0.0002494323
80.8891730309,0.9164541005,80.8891730309,-0.0003866720,80.8891730309,1.8714688125,80.8891730309,-0.0006946626,80.8891730309,-0.9561130402,80.8891730309,-0.0007198965
81.0844221115,0.9166421784,81.0844221115,-0.0002445005,81.0844221115,1.8717135727,81.0844221115,-0.0000957575,81.0844221115,-0.9564168712,81.0844221115,-0.0006249856
81.2886841297,0.9166939602,81.2886841297,0.0001357058,81.2886841297,1.8723960044,81.2886841297,-0.0002034904,81.2886841297,-0.9563474736,81.2886841297,-0.0001555565
81.4750850201,0.9167467692,81.4750850201,-0.0002243317,81.4750850201,1.8718326930,81.4750850201,-0.0001020326,81.4750850201,-0.9565251642,81.4750850201,-0.0008118846
81.6722700596,0.9167393824,81.6722700596,-0.000582399,81.6722700596,1.8718564649,81.6722700596,-0.0010080616,81.6722700596,-0.9564402468,81.6722700596,-0.0011664993
81.878674984,0.9167798221,81.878674984,-0.0005773621,81.878674984,1.8717354386,81.878674984,-0.0007471246,81.878674984,-0.9565523701,81.878674984,-0.0012637335
82.0732049942,0.9168820485,82.0732049942,-0.0004100723,82.0732049942,1.8724803838,82.0732049942,-0.0011497586,82.0732049942,-0.9565921971,82.0732049942,-0.0010047522
82.2804160118,0.9168623115,82.2804160118,0.0001490067,82.2804160118,1.8719318995,82.2804160118,0.0008966310,82.2804160118,-0.9565998176,82.2804160118,-0.0002768608
82.4842469692,0.9167667249,82.4842469692,0.000125477,82.4842469692,1.8722818302,82.4842469692,-0.0000035892,82.4842469692,-0.9563219503,82.4842469692,-0.0001515136
82.6802279949,0.9168160669,82.6802279949,-0.0001224158,82.6802279949,1.8717317173,82.6802279949,0.0003719996,82.6802279949,-0.9564960050,82.6802279949,-0.0005782932
82.8809931278,0.9166175895,82.8809931278,-0.0007593451,82.8809931278,1.8717526881,82.8809931278,-0.0013330313,82.8809931278,-0.9561323775,82.8809931278,-0.0008227336
83.0733890533,0.9168492703,83.0733890533,0.0001549663,83.0733890533,1.8717753893,83.0733890533,0.0011006099,83.0733890533,-0.9565231736,83.0733890533,-0.0000614534
83.2716550827,0.9169408894,83.2716550827,0.0001767676,83.2716550827,1.8726665467,83.2716550827,0.0003816978,83.2716550827,-0.9565049175,83.2716550827,0.0002333832
83.4756181240,0.9169707268,83.4756181240,0.0000018862,83.4756181240,1.8722763388,83.4756181240,0.0004791754,83.4756181240,-0.9566412857,83.4756181240,-0.0002212007
83.6845929623,0.9168428584,83.6845929623,-0.0000334431,83.6845929623,1.8723736581,83.6845929623,0.0000625724,83.6845929623,-0.9563937712,83.6845929623,0.0000207278
83.8784680367,0.9168814147,83.8784680367,-0.0007264724,83.8784680367,1.8717669325,83.8784680367,-0.0002229658,83.8784680367,-0.9565222239,83.8784680367,-0.0005506115
84.0687260628,0.9168177763,84.0687260628,-0.0006784552,84.0687260628,1.8720680887,84.0687260628,-0.0008244058,84.0687260628,-0.9563837965,84.0687260628,-0.0005422182
84.2589890957,0.9168882574,84.2589890957,-0.0003845125,84.2589890957,1.8723127789,84.2589890957,-0.0003054286,84.2589890957,-0.9564448599,84.2589890957,-0.0001738178
84.4500710964,0.9171917248,84.4500710964,-0.0000045111,84.4500710964,1.8725762155,84.4500710964,0.0010500583,84.4500710964,-0.9568205945,84.4500710964,0.0001823976
84.6470680237,0.9171527275,84.6470680237,0.0001614883,84.6470680237,1.8732013594,84.6470680237,0.0005467492,84.6470680237,-0.9567109597,84.6470680237,0.0005556835
84.8431050777,0.9165991384,84.8431050777,-0.0009261503,84.8431050777,1.8718407762,84.8431050777,-0.0016545684,84.8431050777,-0.9559958258,84.8431050777,-0.0006109521
85.0410139561,0.9169980144,85.0410139561,0.0001331110,85.0410139561,1.8724048495,85.0410139561,0.0007594705,85.0410139561,-0.9565569733,85.0410139561,0.0002166178
85.2355470657,0.9169205866,85.2355470657,-0.0002928068,85.2355470657,1.8717707211,85.2355470657,0.000529283,85.2355470657,-0.9564815102,85.2355470657,-0.0002343479
85.4243190289,0.9169554652,85.4243190289,-0.0004011565,85.4243190289,1.8722575673,85.4243190289,-0.0000917479,85.4243190289,-0.9564996247,85.4243190289,-0.000062385
85.6181020737,0.9171094044,85.6181020737,-0.0004684234,85.6181020737,1.8722445714,85.6181020737,0.0002251526,85.6181020737,-0.9567083745,85.6181020737,-0.0003639943
85.8259620667,0.9169249378,85.8259620667,-0.0003234847,85.8259620667,1.8726512837,85.8259620667,-0.0006165558,85.8259620667,-0.9564424575,85.8259620667,-0.0000126564
86.0156140327,0.9169369204,86.0156140327,-0.0005328870,86.0156140327,1.8719596475,86.0156140327,-0.0001992776,86.0156140327,-0.9564541496,86.0156140327,-0.0005202722
86.2188639641,0.9167210756,86.2188639641,-0.0008276383,86.2188639641,1.8714862297,86.2188639641,-0.0008154884,86.2188639641,-0.9562380275,86.2188639641,-0.0008093669
